Measure,State,Year,Value
Miles of public road,United States,2010,"4,083,767.858"
Miles of public road,United States,2015,"4,171,910.94"
Miles of public road,United States,2016,"4,157,291.66"
Miles of public road,United States,2017,"4,183,707.24"
Miles of public road,United States,2018,"4,195,273.99"
Miles of public road,United States,2019,"4,189,483.401"
Miles of public road,United States,2020,"4,192,478.508"
Miles of public road,United States,2021,"4,207,403.309"
Miles of public road,United States,2022,"4,217,422.932"
Miles of public road,United States,2023,"4,219,172.493"
Miles of public road,United States,2024,"4,228,429.879"
Miles of public road,Alabama,2010,"101,574.634"
Miles of public road,Alabama,2015,"102,019.13"
Miles of public road,Alabama,2016,"101,975.36"
Miles of public road,Alabama,2017,"101,096.97"
Miles of public road,Alabama,2018,"100,962.39"
Miles of public road,Alabama,2019,"100,684.55"
Miles of public road,Alabama,2020,"100,170.897"
Miles of public road,Alabama,2021,"100,176.903"
Miles of public road,Alabama,2022,"98,631.977"
Miles of public road,Alabama,2023,"100,223.377"
Miles of public road,Alabama,2024,"99,024.552"
Miles of public road,Alaska,2010,"16,302.807"
Miles of public road,Alaska,2015,"16,129.35"
Miles of public road,Alaska,2016,"15,528.07"
Miles of public road,Alaska,2017,"15,534.91"
Miles of public road,Alaska,2018,"17,049.75"
Miles of public road,Alaska,2019,"17,735.624"
Miles of public road,Alaska,2020,"17,680.928"
Miles of public road,Alaska,2021,"17,690.421"
Miles of public road,Alaska,2022,"17,636.975"
Miles of public road,Alaska,2023,"17,638.876"
Miles of public road,Alaska,2024,"17,653.842"
Miles of public road,Arizona,2010,"64,308.416"
Miles of public road,Arizona,2015,"66,121.91"
Miles of public road,Arizona,2016,"66,035.05"
Miles of public road,Arizona,2017,"66,557.9"
Miles of public road,Arizona,2018,"66,781.7"
Miles of public road,Arizona,2019,"66,901.124"
Miles of public road,Arizona,2020,"66,968.047"
Miles of public road,Arizona,2021,"74,782.878"
Miles of public road,Arizona,2022,"74,507.241"
Miles of public road,Arizona,2023,"75,223.933"
Miles of public road,Arizona,2024,"76,078.516"
Miles of public road,Arkansas,2010,"100,068.32"
Miles of public road,Arkansas,2015,"102,609"
Miles of public road,Arkansas,2016,"102,616.08"
Miles of public road,Arkansas,2017,"102,602.65"
Miles of public road,Arkansas,2018,"102,621.77"
Miles of public road,Arkansas,2019,"102,614.972"
Miles of public road,Arkansas,2020,"99,246.486"
Miles of public road,Arkansas,2021,"99,331.942"
Miles of public road,Arkansas,2022,"99,087.019"
Miles of public road,Arkansas,2023,"99,164.852"
Miles of public road,Arkansas,2024,"99,200.431"
Miles of public road,California,2010,"172,138.66"
Miles of public road,California,2015,"195,834"
Miles of public road,California,2016,"180,799.99"
Miles of public road,California,2017,"176,214.24"
Miles of public road,California,2018,"175,589.29"
Miles of public road,California,2019,"175,555.46"
Miles of public road,California,2020,"175,562.156"
Miles of public road,California,2021,"177,299.941"
Miles of public road,California,2022,"182,103.142"
Miles of public road,California,2023,"177,333.604"
Miles of public road,California,2024,"177,607.363"
Miles of public road,Colorado,2010,"88,352.834"
Miles of public road,Colorado,2015,"88,739.81"
Miles of public road,Colorado,2016,"88,827.66"
Miles of public road,Colorado,2017,"88,818.01"
Miles of public road,Colorado,2018,"88,974.87"
Miles of public road,Colorado,2019,"89,068.852"
Miles of public road,Colorado,2020,"89,207.321"
Miles of public road,Colorado,2021,"89,385.084"
Miles of public road,Colorado,2022,"89,550.794"
Miles of public road,Colorado,2023,"89,784.296"
Miles of public road,Colorado,2024,"89,954.728"
Miles of public road,Connecticut,2010,"21,390.72"
Miles of public road,Connecticut,2015,"21,511.76"
Miles of public road,Connecticut,2016,"21,530.83"
Miles of public road,Connecticut,2017,"21,543.84"
Miles of public road,Connecticut,2018,"21,555.74"
Miles of public road,Connecticut,2019,"21,577.4"
Miles of public road,Connecticut,2020,"21,575.04"
Miles of public road,Connecticut,2021,"21,362.59"
Miles of public road,Connecticut,2022,"21,367.55"
Miles of public road,Connecticut,2023,"21,477.78"
Miles of public road,Connecticut,2024,"21,471.66"
Miles of public road,Delaware,2010,"6,337.2"
Miles of public road,Delaware,2015,"6,415.53"
Miles of public road,Delaware,2016,"6,427.18"
Miles of public road,Delaware,2017,"6,452.45"
Miles of public road,Delaware,2018,"6,461.12"
Miles of public road,Delaware,2019,"6,499.03"
Miles of public road,Delaware,2020,"6,525.61"
Miles of public road,Delaware,2021,"6,543.54"
Miles of public road,Delaware,2022,"6,574.85"
Miles of public road,Delaware,2023,"6,665.72"
Miles of public road,Delaware,2024,"6,695.11"
Miles of public road,District of Columbia,2010,"1,503.04"
Miles of public road,District of Columbia,2015,"1,506.69"
Miles of public road,District of Columbia,2016,"1,508.74"
Miles of public road,District of Columbia,2017,"1,513.93"
Miles of public road,District of Columbia,2018,"1,513.95"
Miles of public road,District of Columbia,2019,"1,514.65"
Miles of public road,District of Columbia,2020,"1,515.913"
Miles of public road,District of Columbia,2021,"1,519.528"
Miles of public road,District of Columbia,2022,"1,520.056"
Miles of public road,District of Columbia,2023,"1,519.391"
Miles of public road,District of Columbia,2024,"1,518.885"
Miles of public road,Florida,2010,"121,701.907"
Miles of public road,Florida,2015,"122,659.36"
Miles of public road,Florida,2016,"122,735.79"
Miles of public road,Florida,2017,"122,848.47"
Miles of public road,Florida,2018,"123,099.22"
Miles of public road,Florida,2019,"123,104.45"
Miles of public road,Florida,2020,"123,487.605"
Miles of public road,Florida,2021,"123,652.123"
Miles of public road,Florida,2022,"123,816.635"
Miles of public road,Florida,2023,"124,310.039"
Miles of public road,Florida,2024,"124,581.044"
Miles of public road,Georgia,2010,"122,916.67"
Miles of public road,Georgia,2015,"128,133.52"
Miles of public road,Georgia,2016,"128,235.19"
Miles of public road,Georgia,2017,"128,355.01"
Miles of public road,Georgia,2018,"128,396.52"
Miles of public road,Georgia,2019,"128,461.491"
Miles of public road,Georgia,2020,"128,571.803"
Miles of public road,Georgia,2021,"125,700.532"
Miles of public road,Georgia,2022,"125,762.096"
Miles of public road,Georgia,2023,"127,278.603"
Miles of public road,Georgia,2024,"127,307.638"
Miles of public road,Hawaii,2010,"4,394.513"
Miles of public road,Hawaii,2015,"4,455.08"
Miles of public road,Hawaii,2016,"4,468.56"
Miles of public road,Hawaii,2017,"4,476.27"
Miles of public road,Hawaii,2018,"4,475.48"
Miles of public road,Hawaii,2019,"4,498.691"
Miles of public road,Hawaii,2020,"4,501.037"
Miles of public road,Hawaii,2021,"4,515.025"
Miles of public road,Hawaii,2022,"4,523.539"
Miles of public road,Hawaii,2023,"4,521.709"
Miles of public road,Hawaii,2024,"4,627.55"
Miles of public road,Idaho,2010,"48,770.622"
Miles of public road,Idaho,2015,"51,162.68"
Miles of public road,Idaho,2016,"51,341.79"
Miles of public road,Idaho,2017,"52,437.35"
Miles of public road,Idaho,2018,"56,347.37"
Miles of public road,Idaho,2019,"52,518.763"
Miles of public road,Idaho,2020,"53,281.228"
Miles of public road,Idaho,2021,"54,031.155"
Miles of public road,Idaho,2022,"58,428.351"
Miles of public road,Idaho,2023,"59,860.655"
Miles of public road,Idaho,2024,"59,240.034"
Miles of public road,Illinois,2010,"139,518.96"
Miles of public road,Illinois,2015,"145,839.54"
Miles of public road,Illinois,2016,"145,892.44"
Miles of public road,Illinois,2017,"145,935.68"
Miles of public road,Illinois,2018,"145,975.61"
Miles of public road,Illinois,2019,"145,966.88"
Miles of public road,Illinois,2020,"145,992.87"
Miles of public road,Illinois,2021,"145,996.51"
Miles of public road,Illinois,2022,"146,009.98"
Miles of public road,Illinois,2023,"146,019.66"
Miles of public road,Illinois,2024,"146,033.9"
Miles of public road,Indiana,2010,"96,987.622"
Miles of public road,Indiana,2015,"96,570.64"
Miles of public road,Indiana,2016,"96,615.98"
Miles of public road,Indiana,2017,"96,790"
Miles of public road,Indiana,2018,"96,962.01"
Miles of public road,Indiana,2019,"96,906"
Miles of public road,Indiana,2020,"97,110.087"
Miles of public road,Indiana,2021,"97,827.134"
Miles of public road,Indiana,2022,"97,190.485"
Miles of public road,Indiana,2023,"97,040.2"
Miles of public road,Indiana,2024,"97,400.832"
Miles of public road,Iowa,2010,"114,382.799"
Miles of public road,Iowa,2015,"114,441.95"
Miles of public road,Iowa,2016,"114,741.38"
Miles of public road,Iowa,2017,"114,637.19"
Miles of public road,Iowa,2018,"114,745.09"
Miles of public road,Iowa,2019,"114,803.204"
Miles of public road,Iowa,2020,"114,838.394"
Miles of public road,Iowa,2021,"114,878.078"
Miles of public road,Iowa,2022,"114,969.664"
Miles of public road,Iowa,2023,"115,017.565"
Miles of public road,Iowa,2024,"115,063.002"
Miles of public road,Kansas,2010,"140,652.979"
Miles of public road,Kansas,2015,"140,654.25"
Miles of public road,Kansas,2016,"142,046.82"
Miles of public road,Kansas,2017,"142,054.24"
Miles of public road,Kansas,2018,"142,200.23"
Miles of public road,Kansas,2019,"140,372"
Miles of public road,Kansas,2020,"140,112.204"
Miles of public road,Kansas,2021,"139,181.015"
Miles of public road,Kansas,2022,"139,010.928"
Miles of public road,Kansas,2023,"138,975.247"
Miles of public road,Kansas,2024,"138,992.607"
Miles of public road,Kentucky,2010,"79,183.859"
Miles of public road,Kentucky,2015,"79,857.49"
Miles of public road,Kentucky,2016,"79,941.62"
Miles of public road,Kentucky,2017,"80,054.24"
Miles of public road,Kentucky,2018,"80,179.95"
Miles of public road,Kentucky,2019,"79,953.538"
Miles of public road,Kentucky,2020,"80,006.165"
Miles of public road,Kentucky,2021,"79,902.181"
Miles of public road,Kentucky,2022,"79,705.247"
Miles of public road,Kentucky,2023,"79,676.344"
Miles of public road,Kentucky,2024,"79,677.79"
Miles of public road,Louisiana,2010,"61,327.349"
Miles of public road,Louisiana,2015,"61,418.69"
Miles of public road,Louisiana,2016,"61,411.23"
Miles of public road,Louisiana,2017,"61,411.23"
Miles of public road,Louisiana,2018,"61,416.32"
Miles of public road,Louisiana,2019,"63,967.14"
Miles of public road,Louisiana,2020,"63,746.046"
Miles of public road,Louisiana,2021,"65,917.709"
Miles of public road,Louisiana,2022,"65,954.972"
Miles of public road,Louisiana,2023,"66,292.063"
Miles of public road,Louisiana,2024,"66,515.343"
Miles of public road,Maine,2010,"22,863.75"
Miles of public road,Maine,2015,"22,911.23"
Miles of public road,Maine,2016,"22,898.36"
Miles of public road,Maine,2017,"22,860.03"
Miles of public road,Maine,2018,"22,814.98"
Miles of public road,Maine,2019,"22,818.79"
Miles of public road,Maine,2020,"22,851.46"
Miles of public road,Maine,2021,"22,838.475"
Miles of public road,Maine,2022,"22,842.599"
Miles of public road,Maine,2023,"22,847.903"
Miles of public road,Maine,2024,"22,862.4"
Miles of public road,Maryland,2010,"31,526.108"
Miles of public road,Maryland,2015,"32,037.28"
Miles of public road,Maryland,2016,"32,147.39"
Miles of public road,Maryland,2017,"32,211"
Miles of public road,Maryland,2018,"32,268.7"
Miles of public road,Maryland,2019,"32,372.876"
Miles of public road,Maryland,2020,"32,430.478"
Miles of public road,Maryland,2021,"32,506.568"
Miles of public road,Maryland,2022,"32,572.073"
Miles of public road,Maryland,2023,"32,635.897"
Miles of public road,Maryland,2024,"32,669.038"
Miles of public road,Massachusetts,2010,"36,247.815"
Miles of public road,Massachusetts,2015,"36,422.95"
Miles of public road,Massachusetts,2016,"36,632.46"
Miles of public road,Massachusetts,2017,"36,722.66"
Miles of public road,Massachusetts,2018,"36,763.1"
Miles of public road,Massachusetts,2019,"36,790.787"
Miles of public road,Massachusetts,2020,"36,815.231"
Miles of public road,Massachusetts,2021,"36,830.044"
Miles of public road,Massachusetts,2022,"36,799.069"
Miles of public road,Massachusetts,2023,"36,894.08"
Miles of public road,Massachusetts,2024,"36,930.89"
Miles of public road,Michigan,2010,"121,968.657"
Miles of public road,Michigan,2015,"122,285.94"
Miles of public road,Michigan,2016,"122,114.81"
Miles of public road,Michigan,2017,"122,036.28"
Miles of public road,Michigan,2018,"122,164.32"
Miles of public road,Michigan,2019,"122,180.58"
Miles of public road,Michigan,2020,"122,040.288"
Miles of public road,Michigan,2021,"122,043.545"
Miles of public road,Michigan,2022,"122,037.609"
Miles of public road,Michigan,2023,"122,039.364"
Miles of public road,Michigan,2024,"122,055.849"
Miles of public road,Minnesota,2010,"138,163.857"
Miles of public road,Minnesota,2015,"138,767.33"
Miles of public road,Minnesota,2016,"138,794.4"
Miles of public road,Minnesota,2017,"139,448.82"
Miles of public road,Minnesota,2018,"139,590.74"
Miles of public road,Minnesota,2019,"141,359.545"
Miles of public road,Minnesota,2020,"141,956.661"
Miles of public road,Minnesota,2021,"142,862.282"
Miles of public road,Minnesota,2022,"143,216.793"
Miles of public road,Minnesota,2023,"143,105.919"
Miles of public road,Minnesota,2024,"142,487.849"
Miles of public road,Mississippi,2010,"75,080.478"
Miles of public road,Mississippi,2015,"76,776.53"
Miles of public road,Mississippi,2016,"77,027.04"
Miles of public road,Mississippi,2017,"77,445.1"
Miles of public road,Mississippi,2018,"77,476.74"
Miles of public road,Mississippi,2019,"77,487.119"
Miles of public road,Mississippi,2020,"77,512.154"
Miles of public road,Mississippi,2021,"77,514.478"
Miles of public road,Mississippi,2022,"77,740.721"
Miles of public road,Mississippi,2023,"78,389.673"
Miles of public road,Mississippi,2024,"78,397.866"
Miles of public road,Missouri,2010,"130,359.559"
Miles of public road,Missouri,2015,"131,548.57"
Miles of public road,Missouri,2016,"131,807.47"
Miles of public road,Missouri,2017,"131,879"
Miles of public road,Missouri,2018,"132,093.56"
Miles of public road,Missouri,2019,"132,253.619"
Miles of public road,Missouri,2020,"132,518.842"
Miles of public road,Missouri,2021,"132,708.186"
Miles of public road,Missouri,2022,"132,646.65"
Miles of public road,Missouri,2023,"132,888.923"
Miles of public road,Missouri,2024,"132,992.593"
Miles of public road,Montana,2010,"74,793.141"
Miles of public road,Montana,2015,"75,007.4"
Miles of public road,Montana,2016,"73,609.95"
Miles of public road,Montana,2017,"73,565.85"
Miles of public road,Montana,2018,"73,572.77"
Miles of public road,Montana,2019,"73,646.928"
Miles of public road,Montana,2020,"73,489.786"
Miles of public road,Montana,2021,"73,569.08"
Miles of public road,Montana,2022,"74,501.754"
Miles of public road,Montana,2023,"74,651.735"
Miles of public road,Montana,2024,"74,704.801"
Miles of public road,Nebraska,2010,"93,653.267"
Miles of public road,Nebraska,2015,"94,481.2"
Miles of public road,Nebraska,2016,"94,988.47"
Miles of public road,Nebraska,2017,"95,163.06"
Miles of public road,Nebraska,2018,"95,262.1"
Miles of public road,Nebraska,2019,"95,290.449"
Miles of public road,Nebraska,2020,"95,331.079"
Miles of public road,Nebraska,2021,"95,397.259"
Miles of public road,Nebraska,2022,"95,552.263"
Miles of public road,Nebraska,2023,"95,570.959"
Miles of public road,Nebraska,2024,"95,295.044"
Miles of public road,Nevada,2010,"35,061.125"
Miles of public road,Nevada,2015,"43,900.17"
Miles of public road,Nevada,2016,"42,582"
Miles of public road,Nevada,2017,"48,234"
Miles of public road,Nevada,2018,"48,458"
Miles of public road,Nevada,2019,"47,730.69"
Miles of public road,Nevada,2020,"47,793.433"
Miles of public road,Nevada,2021,"47,191.453"
Miles of public road,Nevada,2022,"47,348.028"
Miles of public road,Nevada,2023,"47,413.107"
Miles of public road,Nevada,2024,"47,563.888"
Miles of public road,New Hampshire,2010,"16,084.582"
Miles of public road,New Hampshire,2015,"16,138.35"
Miles of public road,New Hampshire,2016,"16,156.91"
Miles of public road,New Hampshire,2017,"16,156.17"
Miles of public road,New Hampshire,2018,"16,170.54"
Miles of public road,New Hampshire,2019,"16,185.17"
Miles of public road,New Hampshire,2020,"16,193.067"
Miles of public road,New Hampshire,2021,"16,227.688"
Miles of public road,New Hampshire,2022,"16,247.026"
Miles of public road,New Hampshire,2023,"16,262.069"
Miles of public road,New Hampshire,2024,"16,268.647"
Miles of public road,New Jersey,2010,"39,241.684"
Miles of public road,New Jersey,2015,"39,064.56"
Miles of public road,New Jersey,2016,"39,070.88"
Miles of public road,New Jersey,2017,"38,895.61"
Miles of public road,New Jersey,2018,"38,919.42"
Miles of public road,New Jersey,2019,"38,949.89"
Miles of public road,New Jersey,2020,"38,990.5"
Miles of public road,New Jersey,2021,"38,781.432"
Miles of public road,New Jersey,2022,"38,782.62"
Miles of public road,New Jersey,2023,"38,729.684"
Miles of public road,New Jersey,2024,"38,777.837"
Miles of public road,New Mexico,2010,"68,377.87"
Miles of public road,New Mexico,2015,"69,068.77"
Miles of public road,New Mexico,2016,"69,111.41"
Miles of public road,New Mexico,2017,"77,204.71"
Miles of public road,New Mexico,2018,"77,604.73"
Miles of public road,New Mexico,2019,"71,826.897"
Miles of public road,New Mexico,2020,"72,092.437"
Miles of public road,New Mexico,2021,"72,179.019"
Miles of public road,New Mexico,2022,"72,160.617"
Miles of public road,New Mexico,2023,"72,285.292"
Miles of public road,New Mexico,2024,"72,242.725"
Miles of public road,New York,2010,"114,573.83"
Miles of public road,New York,2015,"114,365.03"
Miles of public road,New York,2016,"113,499.35"
Miles of public road,New York,2017,"113,559.27"
Miles of public road,New York,2018,"113,532.61"
Miles of public road,New York,2019,"113,928.64"
Miles of public road,New York,2020,"114,205.26"
Miles of public road,New York,2021,"114,401.81"
Miles of public road,New York,2022,"114,424.321"
Miles of public road,New York,2023,"114,274.186"
Miles of public road,New York,2024,"116,320.152"
Miles of public road,North Carolina,2010,"105,653.089"
Miles of public road,North Carolina,2015,"106,333.63"
Miles of public road,North Carolina,2016,"106,521.53"
Miles of public road,North Carolina,2017,"106,974.99"
Miles of public road,North Carolina,2018,"107,348.4"
Miles of public road,North Carolina,2019,"107,628.003"
Miles of public road,North Carolina,2020,"107,954.343"
Miles of public road,North Carolina,2021,"108,073.881"
Miles of public road,North Carolina,2022,"108,284.691"
Miles of public road,North Carolina,2023,"108,587.7"
Miles of public road,North Carolina,2024,"108,827.016"
Miles of public road,North Dakota,2010,"86,842.009"
Miles of public road,North Dakota,2015,"87,128.41"
Miles of public road,North Dakota,2016,"87,397.16"
Miles of public road,North Dakota,2017,"87,688.43"
Miles of public road,North Dakota,2018,"88,050.05"
Miles of public road,North Dakota,2019,"88,167.671"
Miles of public road,North Dakota,2020,"88,429.108"
Miles of public road,North Dakota,2021,"88,411.62"
Miles of public road,North Dakota,2022,"88,415.841"
Miles of public road,North Dakota,2023,"88,446.988"
Miles of public road,North Dakota,2024,"88,564.892"
Miles of public road,Ohio,2010,"123,191.883"
Miles of public road,Ohio,2015,"122,925.65"
Miles of public road,Ohio,2016,"122,973.8"
Miles of public road,Ohio,2017,"122,986.5"
Miles of public road,Ohio,2018,"123,014.18"
Miles of public road,Ohio,2019,"123,031.393"
Miles of public road,Ohio,2020,"122,991.748"
Miles of public road,Ohio,2021,"122,787.707"
Miles of public road,Ohio,2022,"122,883.944"
Miles of public road,Ohio,2023,"122,875.753"
Miles of public road,Ohio,2024,"122,970.367"
Miles of public road,Oklahoma,2010,"112,873.01"
Miles of public road,Oklahoma,2015,"112,711.3"
Miles of public road,Oklahoma,2016,"112,987.81"
Miles of public road,Oklahoma,2017,"112,864.62"
Miles of public road,Oklahoma,2018,"116,064.62"
Miles of public road,Oklahoma,2019,"114,637.872"
Miles of public road,Oklahoma,2020,"115,078.883"
Miles of public road,Oklahoma,2021,"115,292.518"
Miles of public road,Oklahoma,2022,"115,430.277"
Miles of public road,Oklahoma,2023,"115,426.553"
Miles of public road,Oklahoma,2024,"115,560.371"
Miles of public road,Oregon,2010,"59,150.88"
Miles of public road,Oregon,2015,"73,543.72"
Miles of public road,Oregon,2016,"73,528.95"
Miles of public road,Oregon,2017,"79,274.52"
Miles of public road,Oregon,2018,"79,265.99"
Miles of public road,Oregon,2019,"79,045.06"
Miles of public road,Oregon,2020,"78,990.7"
Miles of public road,Oregon,2021,"79,417.24"
Miles of public road,Oregon,2022,"79,145.885"
Miles of public road,Oregon,2023,"79,166.63"
Miles of public road,Oregon,2024,"79,052.45"
Miles of public road,Pennsylvania,2010,"119,685.489"
Miles of public road,Pennsylvania,2015,"120,090.6"
Miles of public road,Pennsylvania,2016,"120,445.56"
Miles of public road,Pennsylvania,2017,"120,520.96"
Miles of public road,Pennsylvania,2018,"120,590.09"
Miles of public road,Pennsylvania,2019,"120,713.963"
Miles of public road,Pennsylvania,2020,"120,845.435"
Miles of public road,Pennsylvania,2021,"120,896.685"
Miles of public road,Pennsylvania,2022,"121,884.825"
Miles of public road,Pennsylvania,2023,"121,926.226"
Miles of public road,Pennsylvania,2024,"121,429.967"
Miles of public road,Rhode Island,2010,"6,489.979"
Miles of public road,Rhode Island,2015,"6,046.17"
Miles of public road,Rhode Island,2016,"6,052.45"
Miles of public road,Rhode Island,2017,"6,026.9"
Miles of public road,Rhode Island,2018,"6,012.86"
Miles of public road,Rhode Island,2019,"6,004.121"
Miles of public road,Rhode Island,2020,"6,024.804"
Miles of public road,Rhode Island,2021,"6,024.804"
Miles of public road,Rhode Island,2022,"6,530.567"
Miles of public road,Rhode Island,2023,"6,464.402"
Miles of public road,Rhode Island,2024,"6,558.866"
Miles of public road,South Carolina,2010,"66,023.682"
Miles of public road,South Carolina,2015,"76,249.89"
Miles of public road,South Carolina,2016,"76,066.68"
Miles of public road,South Carolina,2017,"77,364.09"
Miles of public road,South Carolina,2018,"77,991.97"
Miles of public road,South Carolina,2019,"79,233.551"
Miles of public road,South Carolina,2020,"79,189.65"
Miles of public road,South Carolina,2021,"79,199.696"
Miles of public road,South Carolina,2022,"77,207.67"
Miles of public road,South Carolina,2023,"76,728.931"
Miles of public road,South Carolina,2024,"78,432.233"
Miles of public road,South Dakota,2010,"82,446.894"
Miles of public road,South Dakota,2015,"82,576.12"
Miles of public road,South Dakota,2016,"82,556.8"
Miles of public road,South Dakota,2017,"82,583.85"
Miles of public road,South Dakota,2018,"82,501.39"
Miles of public road,South Dakota,2019,"81,969.094"
Miles of public road,South Dakota,2020,"81,697.382"
Miles of public road,South Dakota,2021,"81,288.813"
Miles of public road,South Dakota,2022,"81,744.056"
Miles of public road,South Dakota,2023,"81,761.513"
Miles of public road,South Dakota,2024,"81,825.188"
Miles of public road,Tennessee,2010,"94,206.959"
Miles of public road,Tennessee,2015,"95,636.64"
Miles of public road,Tennessee,2016,"95,737.17"
Miles of public road,Tennessee,2017,"95,986.28"
Miles of public road,Tennessee,2018,"96,115.87"
Miles of public road,Tennessee,2019,"96,167.284"
Miles of public road,Tennessee,2020,"96,181.889"
Miles of public road,Tennessee,2021,"96,319.342"
Miles of public road,Tennessee,2022,"96,405.829"
Miles of public road,Tennessee,2023,"96,303.079"
Miles of public road,Tennessee,2024,"95,944.805"
Miles of public road,Texas,2010,"311,249.485"
Miles of public road,Texas,2015,"313,595.51"
Miles of public road,Texas,2016,"313,656.12"
Miles of public road,Texas,2017,"314,319.4"
Miles of public road,Texas,2018,"314,647.5"
Miles of public road,Texas,2019,"315,445.424"
Miles of public road,Texas,2020,"316,567.47"
Miles of public road,Texas,2021,"322,152.753"
Miles of public road,Texas,2022,"323,364.211"
Miles of public road,Texas,2023,"322,112.807"
Miles of public road,Texas,2024,"326,027.615"
Miles of public road,Utah,2010,"45,123.747"
Miles of public road,Utah,2015,"46,298.6"
Miles of public road,Utah,2016,"46,768.75"
Miles of public road,Utah,2017,"49,289.78"
Miles of public road,Utah,2018,"48,912.75"
Miles of public road,Utah,2019,"48,608.473"
Miles of public road,Utah,2020,"48,811.503"
Miles of public road,Utah,2021,"48,908.347"
Miles of public road,Utah,2022,"49,008.124"
Miles of public road,Utah,2023,"49,202.607"
Miles of public road,Utah,2024,"49,505.052"
Miles of public road,Vermont,2010,"14,436.753"
Miles of public road,Vermont,2015,"14,252.42"
Miles of public road,Vermont,2016,"14,253.21"
Miles of public road,Vermont,2017,"14,254.82"
Miles of public road,Vermont,2018,"14,252.72"
Miles of public road,Vermont,2019,"14,253.503"
Miles of public road,Vermont,2020,"14,248.412"
Miles of public road,Vermont,2021,"14,247.772"
Miles of public road,Vermont,2022,"14,223.126"
Miles of public road,Vermont,2023,"14,246.897"
Miles of public road,Vermont,2024,"14,229.099"
Miles of public road,Virginia,2010,"74,378.01"
Miles of public road,Virginia,2015,"75,061.27"
Miles of public road,Virginia,2016,"75,095.55"
Miles of public road,Virginia,2017,"75,237.98"
Miles of public road,Virginia,2018,"75,368.79"
Miles of public road,Virginia,2019,"75,347.984"
Miles of public road,Virginia,2020,"75,527.129"
Miles of public road,Virginia,2021,"75,657.75"
Miles of public road,Virginia,2022,"75,507.81"
Miles of public road,Virginia,2023,"75,692.561"
Miles of public road,Virginia,2024,"75,649.475"
Miles of public road,Washington,2010,"83,822.353"
Miles of public road,Washington,2015,"80,338.26"
Miles of public road,Washington,2016,"80,392"
Miles of public road,Washington,2017,"80,428.68"
Miles of public road,Washington,2018,"80,652.79"
Miles of public road,Washington,2019,"80,704.33"
Miles of public road,Washington,2020,"81,022.207"
Miles of public road,Washington,2021,"79,426.583"
Miles of public road,Washington,2022,"79,507.579"
Miles of public road,Washington,2023,"79,541.421"
Miles of public road,Washington,2024,"78,908.715"
Miles of public road,West Virginia,2010,"38,625"
Miles of public road,West Virginia,2015,"38,770"
Miles of public road,West Virginia,2016,"38,769.99"
Miles of public road,West Virginia,2017,"38,853.85"
Miles of public road,West Virginia,2018,"38,850.16"
Miles of public road,West Virginia,2019,"38,876.998"
Miles of public road,West Virginia,2020,"38,878.899"
Miles of public road,West Virginia,2021,"38,836.824"
Miles of public road,West Virginia,2022,"38,843.025"
Miles of public road,West Virginia,2023,"38,837.336"
Miles of public road,West Virginia,2024,"39,138.15"
Miles of public road,Wisconsin,2010,"114,963.002"
Miles of public road,Wisconsin,2015,"115,371.72"
Miles of public road,Wisconsin,2016,"115,457.55"
Miles of public road,Wisconsin,2017,"115,547.01"
Miles of public road,Wisconsin,2018,"115,609"
Miles of public road,Wisconsin,2019,"115,673.452"
Miles of public road,Wisconsin,2020,"115,751.154"
Miles of public road,Wisconsin,2021,"115,693.765"
Miles of public road,Wisconsin,2022,"115,764.523"
Miles of public road,Wisconsin,2023,"115,877.326"
Miles of public road,Wisconsin,2024,"115,926.208"
Miles of public road,Wyoming,2010,"28,105"
Miles of public road,Wyoming,2015,"28,941.69"
Miles of public road,Wyoming,2016,"28,326.3"
Miles of public road,Wyoming,2017,"30,429.82"
Miles of public road,Wyoming,2018,"29,665.57"
Miles of public road,Wyoming,2019,"30,090.812"
Miles of public road,Wyoming,2020,"30,050.79"
Miles of public road,Wyoming,2021,"30,057.873"
Miles of public road,Wyoming,2022,"30,070.458"
Miles of public road,Wyoming,2023,"29,997.287"
Miles of public road,Wyoming,2024,"31,689.366"
Miles of public road,Puerto Rico,2019,"18,358.614"
Miles of public road,Puerto Rico,2020,"19,916.489"
Miles of public road,Puerto Rico,2021,"19,963.728"
Miles of public road,Puerto Rico,2022,"19,976.847"
Miles of public road,Puerto Rico,2023,"19,963.771"
Miles of public road,Puerto Rico,2024,"19,975.638"
Miles of freight railroad,United States,2010,"138,623"
Miles of freight railroad,United States,2015,"137,468"
Miles of freight railroad,United States,2017,"136,898"
Miles of freight railroad,United States,2019,"136,650"
Miles of freight railroad,United States,2020,"136,650"
Miles of freight railroad,United States,2021,"136,667"
Miles of freight railroad,United States,2023,"135,375"
Miles of freight railroad,Alabama,2010,"3,254"
Miles of freight railroad,Alabama,2015,"3,211"
Miles of freight railroad,Alabama,2017,"3,272"
Miles of freight railroad,Alabama,2019,"3,227"
Miles of freight railroad,Alabama,2020,"3,227"
Miles of freight railroad,Alabama,2021,"3,165"
Miles of freight railroad,Alabama,2023,"3,210"
Miles of freight railroad,Alaska,2010,506
Miles of freight railroad,Alaska,2015,470
Miles of freight railroad,Alaska,2017,506
Miles of freight railroad,Alaska,2019,506
Miles of freight railroad,Alaska,2020,506
Miles of freight railroad,Alaska,2021,506
Miles of freight railroad,Alaska,2023,506
Miles of freight railroad,Arizona,2010,"1,683"
Miles of freight railroad,Arizona,2015,"1,780"
Miles of freight railroad,Arizona,2017,"1,820"
Miles of freight railroad,Arizona,2019,"1,759"
Miles of freight railroad,Arizona,2020,"1,759"
Miles of freight railroad,Arizona,2021,"1,724"
Miles of freight railroad,Arizona,2023,"1,730"
Miles of freight railroad,Arkansas,2010,"2,797"
Miles of freight railroad,Arkansas,2015,"2,417"
Miles of freight railroad,Arkansas,2017,"2,505"
Miles of freight railroad,Arkansas,2019,"2,552"
Miles of freight railroad,Arkansas,2020,"2,552"
Miles of freight railroad,Arkansas,2021,"2,554"
Miles of freight railroad,Arkansas,2023,"2,502"
Miles of freight railroad,California,2010,"5,307"
Miles of freight railroad,California,2015,"4,803"
Miles of freight railroad,California,2017,"4,828"
Miles of freight railroad,California,2019,"4,971"
Miles of freight railroad,California,2020,"4,971"
Miles of freight railroad,California,2021,"4,948"
Miles of freight railroad,California,2023,"4,985"
Miles of freight railroad,Colorado,2010,"2,688"
Miles of freight railroad,Colorado,2015,"2,452"
Miles of freight railroad,Colorado,2017,"2,427"
Miles of freight railroad,Colorado,2019,"2,636"
Miles of freight railroad,Colorado,2020,"2,636"
Miles of freight railroad,Colorado,2021,"2,545"
Miles of freight railroad,Colorado,2023,"2,541"
Miles of freight railroad,Connecticut,2010,364
Miles of freight railroad,Connecticut,2015,438
Miles of freight railroad,Connecticut,2017,522
Miles of freight railroad,Connecticut,2019,577
Miles of freight railroad,Connecticut,2020,577
Miles of freight railroad,Connecticut,2021,571
Miles of freight railroad,Connecticut,2023,571
Miles of freight railroad,Delaware,2010,227
Miles of freight railroad,Delaware,2015,367
Miles of freight railroad,Delaware,2017,243
Miles of freight railroad,Delaware,2019,236
Miles of freight railroad,Delaware,2020,236
Miles of freight railroad,Delaware,2021,230
Miles of freight railroad,Delaware,2023,219
Miles of freight railroad,District of Columbia,2010,23
Miles of freight railroad,District of Columbia,2015,23
Miles of freight railroad,District of Columbia,2017,22
Miles of freight railroad,District of Columbia,2019,17
Miles of freight railroad,District of Columbia,2020,17
Miles of freight railroad,District of Columbia,2021,17
Miles of freight railroad,District of Columbia,2023,16
Miles of freight railroad,Florida,2010,"2,907"
Miles of freight railroad,Florida,2015,"2,818"
Miles of freight railroad,Florida,2017,"2,851"
Miles of freight railroad,Florida,2019,"2,782"
Miles of freight railroad,Florida,2020,"2,782"
Miles of freight railroad,Florida,2021,"2,716"
Miles of freight railroad,Florida,2023,"2,691"
Miles of freight railroad,Georgia,2010,"4,679"
Miles of freight railroad,Georgia,2015,"4,422"
Miles of freight railroad,Georgia,2017,"4,607"
Miles of freight railroad,Georgia,2019,"4,521"
Miles of freight railroad,Georgia,2020,"4,521"
Miles of freight railroad,Georgia,2021,"4,538"
Miles of freight railroad,Georgia,2023,"4,633"
Miles of freight railroad,Hawaii,2010,0
Miles of freight railroad,Hawaii,2015,0
Miles of freight railroad,Hawaii,2017,0
Miles of freight railroad,Idaho,2010,"1,627"
Miles of freight railroad,Idaho,2015,"1,604"
Miles of freight railroad,Idaho,2017,"1,729"
Miles of freight railroad,Idaho,2019,"1,638"
Miles of freight railroad,Idaho,2020,"1,638"
Miles of freight railroad,Idaho,2021,"1,654"
Miles of freight railroad,Idaho,2023,"1,609"
Miles of freight railroad,Illinois,2010,"7,028"
Miles of freight railroad,Illinois,2015,"7,119"
Miles of freight railroad,Illinois,2017,"7,151"
Miles of freight railroad,Illinois,2019,"6,883"
Miles of freight railroad,Illinois,2020,"6,883"
Miles of freight railroad,Illinois,2021,"6,768"
Miles of freight railroad,Illinois,2023,"6,769"
Miles of freight railroad,Indiana,2010,"4,273"
Miles of freight railroad,Indiana,2015,"4,274"
Miles of freight railroad,Indiana,2017,"3,786"
Miles of freight railroad,Indiana,2019,"4,041"
Miles of freight railroad,Indiana,2020,"4,041"
Miles of freight railroad,Indiana,2021,"3,946"
Miles of freight railroad,Indiana,2023,"3,887"
Miles of freight railroad,Iowa,2010,"3,897"
Miles of freight railroad,Iowa,2015,"3,818"
Miles of freight railroad,Iowa,2017,"3,834"
Miles of freight railroad,Iowa,2019,"3,828"
Miles of freight railroad,Iowa,2020,"3,828"
Miles of freight railroad,Iowa,2021,"3,827"
Miles of freight railroad,Iowa,2023,"3,836"
Miles of freight railroad,Kansas,2010,"4,891"
Miles of freight railroad,Kansas,2015,"4,768"
Miles of freight railroad,Kansas,2017,"4,675"
Miles of freight railroad,Kansas,2019,"4,652"
Miles of freight railroad,Kansas,2020,"4,652"
Miles of freight railroad,Kansas,2021,"4,748"
Miles of freight railroad,Kansas,2023,"4,701"
Miles of freight railroad,Kentucky,2010,"2,526"
Miles of freight railroad,Kentucky,2015,"2,608"
Miles of freight railroad,Kentucky,2017,"2,624"
Miles of freight railroad,Kentucky,2019,"2,583"
Miles of freight railroad,Kentucky,2020,"2,583"
Miles of freight railroad,Kentucky,2021,"2,673"
Miles of freight railroad,Kentucky,2023,"2,616"
Miles of freight railroad,Louisiana,2010,"2,858"
Miles of freight railroad,Louisiana,2015,"3,041"
Miles of freight railroad,Louisiana,2017,"2,940"
Miles of freight railroad,Louisiana,2019,"2,971"
Miles of freight railroad,Louisiana,2020,"2,971"
Miles of freight railroad,Louisiana,2021,"3,001"
Miles of freight railroad,Louisiana,2023,"3,023"
Miles of freight railroad,Maine,2010,896
Miles of freight railroad,Maine,2015,"1,091"
Miles of freight railroad,Maine,2017,"1,077"
Miles of freight railroad,Maine,2019,"1,072"
Miles of freight railroad,Maine,2020,"1,072"
Miles of freight railroad,Maine,2021,"1,116"
Miles of freight railroad,Maine,2023,"1,011"
Miles of freight railroad,Maryland,2010,755
Miles of freight railroad,Maryland,2015,937
Miles of freight railroad,Maryland,2017,769
Miles of freight railroad,Maryland,2019,772
Miles of freight railroad,Maryland,2020,772
Miles of freight railroad,Maryland,2021,722
Miles of freight railroad,Maryland,2023,728
Miles of freight railroad,Massachusetts,2010,896
Miles of freight railroad,Massachusetts,2015,"1,327"
Miles of freight railroad,Massachusetts,2017,"1,057"
Miles of freight railroad,Massachusetts,2019,"1,000"
Miles of freight railroad,Massachusetts,2020,"1,000"
Miles of freight railroad,Massachusetts,2021,868
Miles of freight railroad,Massachusetts,2023,760
Miles of freight railroad,Michigan,2010,"3,634"
Miles of freight railroad,Michigan,2015,"3,234"
Miles of freight railroad,Michigan,2017,"2,417"
Miles of freight railroad,Michigan,2019,"3,465"
Miles of freight railroad,Michigan,2020,"3,465"
Miles of freight railroad,Michigan,2021,"3,429"
Miles of freight railroad,Michigan,2023,"3,349"
Miles of freight railroad,Minnesota,2010,"4,521"
Miles of freight railroad,Minnesota,2015,"4,292"
Miles of freight railroad,Minnesota,2017,"4,258"
Miles of freight railroad,Minnesota,2019,"4,233"
Miles of freight railroad,Minnesota,2020,"4,233"
Miles of freight railroad,Minnesota,2021,"4,373"
Miles of freight railroad,Minnesota,2023,"4,315"
Miles of freight railroad,Mississippi,2010,"2,454"
Miles of freight railroad,Mississippi,2015,"2,384"
Miles of freight railroad,Mississippi,2017,"2,455"
Miles of freight railroad,Mississippi,2019,"2,507"
Miles of freight railroad,Mississippi,2020,"2,507"
Miles of freight railroad,Mississippi,2021,"2,541"
Miles of freight railroad,Mississippi,2023,"2,554"
Miles of freight railroad,Missouri,2010,"4,019"
Miles of freight railroad,Missouri,2015,"3,858"
Miles of freight railroad,Missouri,2017,"3,862"
Miles of freight railroad,Missouri,2019,"3,762"
Miles of freight railroad,Missouri,2020,"3,762"
Miles of freight railroad,Missouri,2021,"3,734"
Miles of freight railroad,Missouri,2023,"3,793"
Miles of freight railroad,Montana,2010,"3,173"
Miles of freight railroad,Montana,2015,"3,781"
Miles of freight railroad,Montana,2017,"3,719"
Miles of freight railroad,Montana,2019,"3,657"
Miles of freight railroad,Montana,2020,"3,657"
Miles of freight railroad,Montana,2021,"3,680"
Miles of freight railroad,Montana,2023,"3,687"
Miles of freight railroad,Nebraska,2010,"3,236"
Miles of freight railroad,Nebraska,2015,"3,228"
Miles of freight railroad,Nebraska,2017,"3,117"
Miles of freight railroad,Nebraska,2019,"3,062"
Miles of freight railroad,Nebraska,2020,"3,062"
Miles of freight railroad,Nebraska,2021,"3,138"
Miles of freight railroad,Nebraska,2023,"3,140"
Miles of freight railroad,Nevada,2010,"1,192"
Miles of freight railroad,Nevada,2015,"1,193"
Miles of freight railroad,Nevada,2017,"1,193"
Miles of freight railroad,Nevada,2019,"1,193"
Miles of freight railroad,Nevada,2020,"1,193"
Miles of freight railroad,Nevada,2021,"1,193"
Miles of freight railroad,Nevada,2023,"1,193"
Miles of freight railroad,New Hampshire,2010,426
Miles of freight railroad,New Hampshire,2015,489
Miles of freight railroad,New Hampshire,2017,354
Miles of freight railroad,New Hampshire,2019,369
Miles of freight railroad,New Hampshire,2020,369
Miles of freight railroad,New Hampshire,2021,369
Miles of freight railroad,New Hampshire,2023,301
Miles of freight railroad,New Jersey,2010,983
Miles of freight railroad,New Jersey,2015,984
Miles of freight railroad,New Jersey,2017,952
Miles of freight railroad,New Jersey,2019,"1,039"
Miles of freight railroad,New Jersey,2020,"1,039"
Miles of freight railroad,New Jersey,2021,"1,087"
Miles of freight railroad,New Jersey,2023,"1,079"
Miles of freight railroad,New Mexico,2010,"1,835"
Miles of freight railroad,New Mexico,2015,"1,860"
Miles of freight railroad,New Mexico,2017,"1,879"
Miles of freight railroad,New Mexico,2019,"1,873"
Miles of freight railroad,New Mexico,2020,"1,873"
Miles of freight railroad,New Mexico,2021,"1,859"
Miles of freight railroad,New Mexico,2023,"1,859"
Miles of freight railroad,New York,2010,"3,479"
Miles of freight railroad,New York,2015,"3,378"
Miles of freight railroad,New York,2017,"3,279"
Miles of freight railroad,New York,2019,"3,685"
Miles of freight railroad,New York,2020,"3,685"
Miles of freight railroad,New York,2021,"3,442"
Miles of freight railroad,New York,2023,"3,378"
Miles of freight railroad,North Carolina,2010,"3,245"
Miles of freight railroad,North Carolina,2015,"2,879"
Miles of freight railroad,North Carolina,2017,"3,161"
Miles of freight railroad,North Carolina,2019,"2,847"
Miles of freight railroad,North Carolina,2020,"2,847"
Miles of freight railroad,North Carolina,2021,"3,125"
Miles of freight railroad,North Carolina,2023,"3,079"
Miles of freight railroad,North Dakota,2010,"3,346"
Miles of freight railroad,North Dakota,2015,"3,389"
Miles of freight railroad,North Dakota,2017,"3,287"
Miles of freight railroad,North Dakota,2019,"3,223"
Miles of freight railroad,North Dakota,2020,"3,223"
Miles of freight railroad,North Dakota,2021,"3,223"
Miles of freight railroad,North Dakota,2023,"3,234"
Miles of freight railroad,Ohio,2010,"5,303"
Miles of freight railroad,Ohio,2015,"4,903"
Miles of freight railroad,Ohio,2017,"5,132"
Miles of freight railroad,Ohio,2019,"5,330"
Miles of freight railroad,Ohio,2020,"5,330"
Miles of freight railroad,Ohio,2021,"5,139"
Miles of freight railroad,Ohio,2023,"5,112"
Miles of freight railroad,Oklahoma,2010,"3,273"
Miles of freight railroad,Oklahoma,2015,"3,196"
Miles of freight railroad,Oklahoma,2017,"3,158"
Miles of freight railroad,Oklahoma,2019,"3,197"
Miles of freight railroad,Oklahoma,2020,"3,197"
Miles of freight railroad,Oklahoma,2021,"3,222"
Miles of freight railroad,Oklahoma,2023,"3,225"
Miles of freight railroad,Oregon,2010,"2,395"
Miles of freight railroad,Oregon,2015,"2,423"
Miles of freight railroad,Oregon,2017,"2,382"
Miles of freight railroad,Oregon,2019,"2,308"
Miles of freight railroad,Oregon,2020,"2,308"
Miles of freight railroad,Oregon,2021,"2,369"
Miles of freight railroad,Oregon,2023,"2,307"
Miles of freight railroad,Pennsylvania,2010,"5,071"
Miles of freight railroad,Pennsylvania,2015,"5,165"
Miles of freight railroad,Pennsylvania,2017,"5,130"
Miles of freight railroad,Pennsylvania,2019,"5,189"
Miles of freight railroad,Pennsylvania,2020,"5,189"
Miles of freight railroad,Pennsylvania,2021,"5,228"
Miles of freight railroad,Pennsylvania,2023,"5,080"
Miles of freight railroad,Rhode Island,2010,19
Miles of freight railroad,Rhode Island,2015,60
Miles of freight railroad,Rhode Island,2017,58
Miles of freight railroad,Rhode Island,2019,93
Miles of freight railroad,Rhode Island,2020,93
Miles of freight railroad,Rhode Island,2021,143
Miles of freight railroad,Rhode Island,2023,143
Miles of freight railroad,South Carolina,2010,"2,293"
Miles of freight railroad,South Carolina,2015,"2,277"
Miles of freight railroad,South Carolina,2017,"2,278"
Miles of freight railroad,South Carolina,2019,"2,285"
Miles of freight railroad,South Carolina,2020,"2,285"
Miles of freight railroad,South Carolina,2021,"2,191"
Miles of freight railroad,South Carolina,2023,"2,258"
Miles of freight railroad,South Dakota,2010,"1,754"
Miles of freight railroad,South Dakota,2015,"1,736"
Miles of freight railroad,South Dakota,2017,"2,029"
Miles of freight railroad,South Dakota,2019,"1,822"
Miles of freight railroad,South Dakota,2020,"1,822"
Miles of freight railroad,South Dakota,2021,"1,868"
Miles of freight railroad,South Dakota,2023,"1,881"
Miles of freight railroad,Tennessee,2010,"2,656"
Miles of freight railroad,Tennessee,2015,"2,598"
Miles of freight railroad,Tennessee,2017,"2,552"
Miles of freight railroad,Tennessee,2019,"2,604"
Miles of freight railroad,Tennessee,2020,"2,604"
Miles of freight railroad,Tennessee,2021,"2,730"
Miles of freight railroad,Tennessee,2023,"2,643"
Miles of freight railroad,Texas,2010,"10,384"
Miles of freight railroad,Texas,2015,"10,539"
Miles of freight railroad,Texas,2017,"10,506"
Miles of freight railroad,Texas,2019,"10,460"
Miles of freight railroad,Texas,2020,"10,460"
Miles of freight railroad,Texas,2021,"10,370"
Miles of freight railroad,Texas,2023,"10,251"
Miles of freight railroad,Utah,2010,"1,356"
Miles of freight railroad,Utah,2015,"1,351"
Miles of freight railroad,Utah,2017,"1,386"
Miles of freight railroad,Utah,2019,"1,385"
Miles of freight railroad,Utah,2020,"1,385"
Miles of freight railroad,Utah,2021,"1,388"
Miles of freight railroad,Utah,2023,"1,375"
Miles of freight railroad,Vermont,2010,590
Miles of freight railroad,Vermont,2015,613
Miles of freight railroad,Vermont,2017,578
Miles of freight railroad,Vermont,2019,589
Miles of freight railroad,Vermont,2020,589
Miles of freight railroad,Vermont,2021,607
Miles of freight railroad,Vermont,2023,627
Miles of freight railroad,Virginia,2010,"3,214"
Miles of freight railroad,Virginia,2015,"3,123"
Miles of freight railroad,Virginia,2017,"3,141"
Miles of freight railroad,Virginia,2019,"3,086"
Miles of freight railroad,Virginia,2020,"3,086"
Miles of freight railroad,Virginia,2021,"3,050"
Miles of freight railroad,Virginia,2023,"3,053"
Miles of freight railroad,Washington,2010,"3,215"
Miles of freight railroad,Washington,2015,"3,056"
Miles of freight railroad,Washington,2017,"3,032"
Miles of freight railroad,Washington,2019,"2,891"
Miles of freight railroad,Washington,2020,"2,891"
Miles of freight railroad,Washington,2021,"2,867"
Miles of freight railroad,Washington,2023,"2,852"
Miles of freight railroad,West Virginia,2010,"2,228"
Miles of freight railroad,West Virginia,2015,"2,376"
Miles of freight railroad,West Virginia,2017,"2,214"
Miles of freight railroad,West Virginia,2019,"2,141"
Miles of freight railroad,West Virginia,2020,"2,141"
Miles of freight railroad,West Virginia,2021,"2,123"
Miles of freight railroad,West Virginia,2023,"2,098"
Miles of freight railroad,Wisconsin,2010,"3,387"
Miles of freight railroad,Wisconsin,2015,"3,438"
Miles of freight railroad,Wisconsin,2017,"3,253"
Miles of freight railroad,Wisconsin,2019,"3,254"
Miles of freight railroad,Wisconsin,2020,"3,254"
Miles of freight railroad,Wisconsin,2021,"3,482"
Miles of freight railroad,Wisconsin,2023,"3,105"
Miles of freight railroad,Wyoming,2010,"1,860"
Miles of freight railroad,Wyoming,2015,"1,877"
Miles of freight railroad,Wyoming,2017,"1,890"
Miles of freight railroad,Wyoming,2019,"1,877"
Miles of freight railroad,Wyoming,2020,"1,877"
Miles of freight railroad,Wyoming,2021,"1,860"
Miles of freight railroad,Wyoming,2023,"1,860"
Miles of inland waterway,United States,2010,"29,620"
Miles of inland waterway,United States,2015,"25,000"
Miles of inland waterway,United States,2016,"25,000"
Miles of inland waterway,United States,2017,"25,000"
Miles of inland waterway,United States,2018,"25,000"
Miles of inland waterway,Alabama,2010,"1,270"
Miles of inland waterway,Alabama,2015,"1,270"
Miles of inland waterway,Alabama,2016,"1,270"
Miles of inland waterway,Alabama,2017,"1,270"
Miles of inland waterway,Alabama,2018,"1,270"
Miles of inland waterway,Alaska,2010,"5,500"
Miles of inland waterway,Alaska,2015,"5,500"
Miles of inland waterway,Alaska,2016,"5,500"
Miles of inland waterway,Alaska,2017,"5,500"
Miles of inland waterway,Alaska,2018,"5,500"
Miles of inland waterway,Arkansas,2010,"1,860"
Miles of inland waterway,Arkansas,2015,"1,860"
Miles of inland waterway,Arkansas,2016,"1,860"
Miles of inland waterway,Arkansas,2017,"1,860"
Miles of inland waterway,Arkansas,2018,"1,860"
Miles of inland waterway,California,2010,290
Miles of inland waterway,California,2015,290
Miles of inland waterway,California,2016,290
Miles of inland waterway,California,2017,290
Miles of inland waterway,California,2018,290
Miles of inland waterway,Connecticut,2010,120
Miles of inland waterway,Connecticut,2015,120
Miles of inland waterway,Connecticut,2016,120
Miles of inland waterway,Connecticut,2017,120
Miles of inland waterway,Connecticut,2018,120
Miles of inland waterway,Delaware,2010,100
Miles of inland waterway,Delaware,2015,100
Miles of inland waterway,Delaware,2016,100
Miles of inland waterway,Delaware,2017,100
Miles of inland waterway,Delaware,2018,100
Miles of inland waterway,District of Columbia,2010,10
Miles of inland waterway,District of Columbia,2015,10
Miles of inland waterway,District of Columbia,2016,10
Miles of inland waterway,District of Columbia,2017,10
Miles of inland waterway,District of Columbia,2018,10
Miles of inland waterway,Florida,2010,"1,540"
Miles of inland waterway,Florida,2015,"1,540"
Miles of inland waterway,Florida,2016,"1,540"
Miles of inland waterway,Florida,2017,"1,540"
Miles of inland waterway,Florida,2018,"1,540"
Miles of inland waterway,Georgia,2010,720
Miles of inland waterway,Georgia,2015,720
Miles of inland waterway,Georgia,2016,720
Miles of inland waterway,Georgia,2017,720
Miles of inland waterway,Georgia,2018,720
Miles of inland waterway,Idaho,2010,110
Miles of inland waterway,Idaho,2015,110
Miles of inland waterway,Idaho,2016,110
Miles of inland waterway,Idaho,2017,110
Miles of inland waterway,Idaho,2018,110
Miles of inland waterway,Illinois,2010,"1,100"
Miles of inland waterway,Illinois,2015,"1,100"
Miles of inland waterway,Illinois,2016,"1,100"
Miles of inland waterway,Illinois,2017,"1,100"
Miles of inland waterway,Illinois,2018,"1,100"
Miles of inland waterway,Indiana,2010,350
Miles of inland waterway,Indiana,2015,350
Miles of inland waterway,Indiana,2016,350
Miles of inland waterway,Indiana,2017,350
Miles of inland waterway,Indiana,2018,350
Miles of inland waterway,Iowa,2010,490
Miles of inland waterway,Iowa,2015,490
Miles of inland waterway,Iowa,2016,490
Miles of inland waterway,Iowa,2017,490
Miles of inland waterway,Iowa,2018,490
Miles of inland waterway,Kansas,2010,120
Miles of inland waterway,Kansas,2015,120
Miles of inland waterway,Kansas,2016,120
Miles of inland waterway,Kansas,2017,120
Miles of inland waterway,Kansas,2018,120
Miles of inland waterway,Kentucky,2010,"1,590"
Miles of inland waterway,Kentucky,2015,"1,590"
Miles of inland waterway,Kentucky,2016,"1,590"
Miles of inland waterway,Kentucky,2017,"1,590"
Miles of inland waterway,Kentucky,2018,"1,590"
Miles of inland waterway,Louisiana,2010,"2,820"
Miles of inland waterway,Louisiana,2015,"2,820"
Miles of inland waterway,Louisiana,2016,"2,820"
Miles of inland waterway,Louisiana,2017,"2,820"
Miles of inland waterway,Louisiana,2018,"2,820"
Miles of inland waterway,Maine,2010,70
Miles of inland waterway,Maine,2015,70
Miles of inland waterway,Maine,2016,70
Miles of inland waterway,Maine,2017,70
Miles of inland waterway,Maine,2018,70
Miles of inland waterway,Maryland,2010,530
Miles of inland waterway,Maryland,2015,530
Miles of inland waterway,Maryland,2016,530
Miles of inland waterway,Maryland,2017,530
Miles of inland waterway,Maryland,2018,530
Miles of inland waterway,Massachusetts,2010,90
Miles of inland waterway,Massachusetts,2015,90
Miles of inland waterway,Massachusetts,2016,90
Miles of inland waterway,Massachusetts,2017,90
Miles of inland waterway,Massachusetts,2018,90
Miles of inland waterway,Minnesota,2010,260
Miles of inland waterway,Minnesota,2015,260
Miles of inland waterway,Minnesota,2016,260
Miles of inland waterway,Minnesota,2017,260
Miles of inland waterway,Minnesota,2018,260
Miles of inland waterway,Mississippi,2010,870
Miles of inland waterway,Mississippi,2015,870
Miles of inland waterway,Mississippi,2016,870
Miles of inland waterway,Mississippi,2017,870
Miles of inland waterway,Mississippi,2018,870
Miles of inland waterway,Missouri,2010,"1,030"
Miles of inland waterway,Missouri,2015,"1,030"
Miles of inland waterway,Missouri,2016,"1,030"
Miles of inland waterway,Missouri,2017,"1,030"
Miles of inland waterway,Missouri,2018,"1,030"
Miles of inland waterway,Nebraska,2010,320
Miles of inland waterway,Nebraska,2015,320
Miles of inland waterway,Nebraska,2016,320
Miles of inland waterway,Nebraska,2017,320
Miles of inland waterway,Nebraska,2018,320
Miles of inland waterway,New Hampshire,2010,10
Miles of inland waterway,New Hampshire,2015,10
Miles of inland waterway,New Hampshire,2016,10
Miles of inland waterway,New Hampshire,2017,10
Miles of inland waterway,New Hampshire,2018,10
Miles of inland waterway,New Jersey,2010,360
Miles of inland waterway,New Jersey,2015,360
Miles of inland waterway,New Jersey,2016,360
Miles of inland waterway,New Jersey,2017,360
Miles of inland waterway,New Jersey,2018,360
Miles of inland waterway,New York,2010,390
Miles of inland waterway,New York,2015,390
Miles of inland waterway,New York,2016,390
Miles of inland waterway,New York,2017,390
Miles of inland waterway,New York,2018,390
Miles of inland waterway,North Carolina,2010,"1,150"
Miles of inland waterway,North Carolina,2015,"1,150"
Miles of inland waterway,North Carolina,2016,"1,150"
Miles of inland waterway,North Carolina,2017,"1,150"
Miles of inland waterway,North Carolina,2018,"1,150"
Miles of inland waterway,Ohio,2010,440
Miles of inland waterway,Ohio,2015,440
Miles of inland waterway,Ohio,2016,440
Miles of inland waterway,Ohio,2017,440
Miles of inland waterway,Ohio,2018,440
Miles of inland waterway,Oklahoma,2010,150
Miles of inland waterway,Oklahoma,2015,150
Miles of inland waterway,Oklahoma,2016,150
Miles of inland waterway,Oklahoma,2017,150
Miles of inland waterway,Oklahoma,2018,150
Miles of inland waterway,Oregon,2010,680
Miles of inland waterway,Oregon,2015,680
Miles of inland waterway,Oregon,2016,680
Miles of inland waterway,Oregon,2017,680
Miles of inland waterway,Oregon,2018,680
Miles of inland waterway,Pennsylvania,2010,260
Miles of inland waterway,Pennsylvania,2015,260
Miles of inland waterway,Pennsylvania,2016,260
Miles of inland waterway,Pennsylvania,2017,260
Miles of inland waterway,Pennsylvania,2018,260
Miles of inland waterway,Rhode Island,2010,40
Miles of inland waterway,Rhode Island,2015,40
Miles of inland waterway,Rhode Island,2016,40
Miles of inland waterway,Rhode Island,2017,40
Miles of inland waterway,Rhode Island,2018,40
Miles of inland waterway,South Carolina,2010,480
Miles of inland waterway,South Carolina,2015,480
Miles of inland waterway,South Carolina,2016,480
Miles of inland waterway,South Carolina,2017,480
Miles of inland waterway,South Carolina,2018,480
Miles of inland waterway,South Dakota,2010,80
Miles of inland waterway,South Dakota,2015,80
Miles of inland waterway,South Dakota,2016,80
Miles of inland waterway,South Dakota,2017,80
Miles of inland waterway,South Dakota,2018,80
Miles of inland waterway,Tennessee,2010,950
Miles of inland waterway,Tennessee,2015,950
Miles of inland waterway,Tennessee,2016,950
Miles of inland waterway,Tennessee,2017,950
Miles of inland waterway,Tennessee,2018,950
Miles of inland waterway,Texas,2010,830
Miles of inland waterway,Texas,2015,830
Miles of inland waterway,Texas,2016,830
Miles of inland waterway,Texas,2017,830
Miles of inland waterway,Texas,2018,830
Miles of inland waterway,Virginia,2010,670
Miles of inland waterway,Virginia,2015,670
Miles of inland waterway,Virginia,2016,670
Miles of inland waterway,Virginia,2017,670
Miles of inland waterway,Virginia,2018,670
Miles of inland waterway,Washington,2010,"1,060"
Miles of inland waterway,Washington,2015,"1,060"
Miles of inland waterway,Washington,2016,"1,060"
Miles of inland waterway,Washington,2017,"1,060"
Miles of inland waterway,Washington,2018,"1,060"
Miles of inland waterway,West Virginia,2010,680
Miles of inland waterway,West Virginia,2015,680
Miles of inland waterway,West Virginia,2016,680
Miles of inland waterway,West Virginia,2017,680
Miles of inland waterway,West Virginia,2018,680
Miles of inland waterway,Wisconsin,2010,230
Miles of inland waterway,Wisconsin,2015,230
Miles of inland waterway,Wisconsin,2016,230
Miles of inland waterway,Wisconsin,2017,230
Miles of inland waterway,Wisconsin,2018,230
Bridges,United States,2010,"602,292"
Bridges,United States,2015,"609,539"
Bridges,United States,2016,"612,079"
Bridges,United States,2017,"612,677"
Bridges,United States,2018,"613,761"
Bridges,United States,2019,"614,735"
Bridges,United States,2020,"616,088"
Bridges,United States,2021,"617,254"
Bridges,United States,2022,"618,253"
Bridges,United States,2023,"621,581"
Bridges,United States,2024,"623,218"
Bridges,United States,2025,"624,193"
Bridges,Alabama,2010,"16,018"
Bridges,Alabama,2015,"16,095"
Bridges,Alabama,2016,"16,098"
Bridges,Alabama,2017,"16,129"
Bridges,Alabama,2018,"16,130"
Bridges,Alabama,2019,"16,162"
Bridges,Alabama,2020,"16,155"
Bridges,Alabama,2021,"16,164"
Bridges,Alabama,2022,"16,162"
Bridges,Alabama,2023,"16,176"
Bridges,Alabama,2024,"16,205"
Bridges,Alabama,2025,"16,181"
Bridges,Alaska,2010,"1,134"
Bridges,Alaska,2015,"1,493"
Bridges,Alaska,2016,"1,488"
Bridges,Alaska,2017,"1,569"
Bridges,Alaska,2018,"1,592"
Bridges,Alaska,2019,"1,595"
Bridges,Alaska,2020,"1,645"
Bridges,Alaska,2021,"1,632"
Bridges,Alaska,2022,"1,626"
Bridges,Alaska,2023,"1,675"
Bridges,Alaska,2024,"1,685"
Bridges,Alaska,2025,"1,660"
Bridges,Arizona,2010,"7,579"
Bridges,Arizona,2015,"8,056"
Bridges,Arizona,2016,"8,154"
Bridges,Arizona,2017,"8,289"
Bridges,Arizona,2018,"8,294"
Bridges,Arizona,2019,"8,320"
Bridges,Arizona,2020,"8,428"
Bridges,Arizona,2021,"8,467"
Bridges,Arizona,2022,"8,497"
Bridges,Arizona,2023,"8,544"
Bridges,Arizona,2024,"8,573"
Bridges,Arizona,2025,"8,587"
Bridges,Arkansas,2010,"12,587"
Bridges,Arkansas,2015,"12,853"
Bridges,Arkansas,2016,"12,871"
Bridges,Arkansas,2017,"12,864"
Bridges,Arkansas,2018,"12,892"
Bridges,Arkansas,2019,"12,902"
Bridges,Arkansas,2020,"12,946"
Bridges,Arkansas,2021,"12,941"
Bridges,Arkansas,2022,"12,955"
Bridges,Arkansas,2023,"12,962"
Bridges,Arkansas,2024,"12,974"
Bridges,Arkansas,2025,"12,978"
Bridges,California,2010,"24,558"
Bridges,California,2015,"25,318"
Bridges,California,2016,"25,431"
Bridges,California,2017,"25,657"
Bridges,California,2018,"25,737"
Bridges,California,2019,"25,771"
Bridges,California,2020,"25,763"
Bridges,California,2021,"25,737"
Bridges,California,2022,"25,810"
Bridges,California,2023,"25,818"
Bridges,California,2024,"25,848"
Bridges,California,2025,"25,975"
Bridges,Colorado,2010,"8,506"
Bridges,Colorado,2015,"8,624"
Bridges,Colorado,2016,"8,682"
Bridges,Colorado,2017,"8,717"
Bridges,Colorado,2018,"8,786"
Bridges,Colorado,2019,"8,785"
Bridges,Colorado,2020,"8,829"
Bridges,Colorado,2021,"8,869"
Bridges,Colorado,2022,"8,917"
Bridges,Colorado,2023,"8,954"
Bridges,Colorado,2024,"8,965"
Bridges,Colorado,2025,"8,990"
Bridges,Connecticut,2010,"4,191"
Bridges,Connecticut,2015,"4,225"
Bridges,Connecticut,2016,"4,214"
Bridges,Connecticut,2017,"4,238"
Bridges,Connecticut,2018,"4,270"
Bridges,Connecticut,2019,"4,336"
Bridges,Connecticut,2020,"4,357"
Bridges,Connecticut,2021,"4,361"
Bridges,Connecticut,2022,"4,353"
Bridges,Connecticut,2023,"4,362"
Bridges,Connecticut,2024,"4,365"
Bridges,Connecticut,2025,"4,363"
Bridges,Delaware,2010,861
Bridges,Delaware,2015,875
Bridges,Delaware,2016,877
Bridges,Delaware,2017,879
Bridges,Delaware,2018,863
Bridges,Delaware,2019,879
Bridges,Delaware,2020,882
Bridges,Delaware,2021,875
Bridges,Delaware,2022,872
Bridges,Delaware,2023,874
Bridges,Delaware,2024,872
Bridges,Delaware,2025,874
Bridges,District of Columbia,2010,244
Bridges,District of Columbia,2015,254
Bridges,District of Columbia,2016,245
Bridges,District of Columbia,2017,245
Bridges,District of Columbia,2018,244
Bridges,District of Columbia,2019,244
Bridges,District of Columbia,2020,243
Bridges,District of Columbia,2021,246
Bridges,District of Columbia,2022,248
Bridges,District of Columbia,2023,252
Bridges,District of Columbia,2024,257
Bridges,District of Columbia,2025,261
Bridges,Florida,2010,"11,912"
Bridges,Florida,2015,"12,198"
Bridges,Florida,2016,"12,313"
Bridges,Florida,2017,"12,355"
Bridges,Florida,2018,"12,435"
Bridges,Florida,2019,"12,518"
Bridges,Florida,2020,"12,592"
Bridges,Florida,2021,"12,680"
Bridges,Florida,2022,"12,740"
Bridges,Florida,2023,"12,881"
Bridges,Florida,2024,"13,036"
Bridges,Florida,2025,"13,070"
Bridges,Georgia,2010,"14,670"
Bridges,Georgia,2015,"14,790"
Bridges,Georgia,2016,"14,835"
Bridges,Georgia,2017,"14,863"
Bridges,Georgia,2018,"14,879"
Bridges,Georgia,2019,"14,940"
Bridges,Georgia,2020,"14,964"
Bridges,Georgia,2021,"14,987"
Bridges,Georgia,2022,"15,034"
Bridges,Georgia,2023,"15,058"
Bridges,Georgia,2024,"15,069"
Bridges,Georgia,2025,"15,090"
Bridges,Hawaii,2010,"1,137"
Bridges,Hawaii,2015,"1,142"
Bridges,Hawaii,2016,"1,132"
Bridges,Hawaii,2017,"1,135"
Bridges,Hawaii,2018,"1,137"
Bridges,Hawaii,2019,"1,138"
Bridges,Hawaii,2020,"1,153"
Bridges,Hawaii,2021,"1,162"
Bridges,Hawaii,2022,"1,177"
Bridges,Hawaii,2023,"1,190"
Bridges,Hawaii,2024,"1,195"
Bridges,Hawaii,2025,"1,180"
Bridges,Idaho,2010,"4,132"
Bridges,Idaho,2015,"4,369"
Bridges,Idaho,2016,"4,445"
Bridges,Idaho,2017,"4,492"
Bridges,Idaho,2018,"4,482"
Bridges,Idaho,2019,"4,493"
Bridges,Idaho,2020,"4,522"
Bridges,Idaho,2021,"4,561"
Bridges,Idaho,2022,"4,579"
Bridges,Idaho,2023,"4,588"
Bridges,Idaho,2024,"4,616"
Bridges,Idaho,2025,"4,646"
Bridges,Illinois,2010,"26,337"
Bridges,Illinois,2015,"26,674"
Bridges,Illinois,2016,"26,704"
Bridges,Illinois,2017,"26,775"
Bridges,Illinois,2018,"26,809"
Bridges,Illinois,2019,"26,825"
Bridges,Illinois,2020,"26,848"
Bridges,Illinois,2021,"26,846"
Bridges,Illinois,2022,"26,873"
Bridges,Illinois,2023,"26,873"
Bridges,Illinois,2024,"26,928"
Bridges,Illinois,2025,"26,927"
Bridges,Indiana,2010,"18,548"
Bridges,Indiana,2015,"19,145"
Bridges,Indiana,2016,"19,245"
Bridges,Indiana,2017,"19,291"
Bridges,Indiana,2018,"19,280"
Bridges,Indiana,2019,"19,284"
Bridges,Indiana,2020,"19,327"
Bridges,Indiana,2021,"19,337"
Bridges,Indiana,2022,"19,367"
Bridges,Indiana,2023,"19,381"
Bridges,Indiana,2024,"19,495"
Bridges,Indiana,2025,"19,542"
Bridges,Iowa,2010,"24,731"
Bridges,Iowa,2015,"24,242"
Bridges,Iowa,2016,"24,184"
Bridges,Iowa,2017,"24,215"
Bridges,Iowa,2018,"24,123"
Bridges,Iowa,2019,"24,043"
Bridges,Iowa,2020,"23,982"
Bridges,Iowa,2021,"23,870"
Bridges,Iowa,2022,"23,835"
Bridges,Iowa,2023,"23,720"
Bridges,Iowa,2024,"23,719"
Bridges,Iowa,2025,"23,716"
Bridges,Kansas,2010,"25,329"
Bridges,Kansas,2015,"25,047"
Bridges,Kansas,2016,"25,013"
Bridges,Kansas,2017,"25,001"
Bridges,Kansas,2018,"24,906"
Bridges,Kansas,2019,"24,934"
Bridges,Kansas,2020,"24,948"
Bridges,Kansas,2021,"24,925"
Bridges,Kansas,2022,"24,931"
Bridges,Kansas,2023,"24,907"
Bridges,Kansas,2024,"24,894"
Bridges,Kansas,2025,"24,891"
Bridges,Kentucky,2010,"13,849"
Bridges,Kentucky,2015,"14,261"
Bridges,Kentucky,2016,"14,265"
Bridges,Kentucky,2017,"14,280"
Bridges,Kentucky,2018,"14,368"
Bridges,Kentucky,2019,"14,394"
Bridges,Kentucky,2020,"14,422"
Bridges,Kentucky,2021,"14,410"
Bridges,Kentucky,2022,"14,482"
Bridges,Kentucky,2023,"14,493"
Bridges,Kentucky,2024,"14,548"
Bridges,Kentucky,2025,"14,590"
Bridges,Louisiana,2010,"13,361"
Bridges,Louisiana,2015,"13,012"
Bridges,Louisiana,2016,"12,915"
Bridges,Louisiana,2017,"12,910"
Bridges,Louisiana,2018,"12,899"
Bridges,Louisiana,2019,"12,884"
Bridges,Louisiana,2020,"12,853"
Bridges,Louisiana,2021,"12,782"
Bridges,Louisiana,2022,"12,733"
Bridges,Louisiana,2023,"12,717"
Bridges,Louisiana,2024,"12,698"
Bridges,Louisiana,2025,"12,684"
Bridges,Maine,2010,"2,393"
Bridges,Maine,2015,"2,431"
Bridges,Maine,2016,"2,450"
Bridges,Maine,2017,"2,458"
Bridges,Maine,2018,"2,473"
Bridges,Maine,2019,"2,461"
Bridges,Maine,2020,"2,472"
Bridges,Maine,2021,"2,485"
Bridges,Maine,2022,"2,505"
Bridges,Maine,2023,"2,521"
Bridges,Maine,2024,"2,518"
Bridges,Maine,2025,"2,542"
Bridges,Maryland,2010,"5,195"
Bridges,Maryland,2015,"5,313"
Bridges,Maryland,2016,"5,321"
Bridges,Maryland,2017,"5,335"
Bridges,Maryland,2018,"5,357"
Bridges,Maryland,2019,"5,402"
Bridges,Maryland,2020,"5,430"
Bridges,Maryland,2021,"5,446"
Bridges,Maryland,2022,"5,456"
Bridges,Maryland,2023,"5,473"
Bridges,Maryland,2024,"5,484"
Bridges,Maryland,2025,"5,500"
Bridges,Massachusetts,2010,"5,113"
Bridges,Massachusetts,2015,"5,167"
Bridges,Massachusetts,2016,"5,171"
Bridges,Massachusetts,2017,"5,192"
Bridges,Massachusetts,2018,"5,215"
Bridges,Massachusetts,2019,"5,233"
Bridges,Massachusetts,2020,"5,229"
Bridges,Massachusetts,2021,"5,245"
Bridges,Massachusetts,2022,"5,252"
Bridges,Massachusetts,2023,"5,281"
Bridges,Massachusetts,2024,"5,296"
Bridges,Massachusetts,2025,"5,311"
Bridges,Michigan,2010,"10,928"
Bridges,Michigan,2015,"11,086"
Bridges,Michigan,2016,"11,156"
Bridges,Michigan,2017,"11,180"
Bridges,Michigan,2018,"11,228"
Bridges,Michigan,2019,"11,244"
Bridges,Michigan,2020,"11,271"
Bridges,Michigan,2021,"11,284"
Bridges,Michigan,2022,"11,314"
Bridges,Michigan,2023,"11,341"
Bridges,Michigan,2024,"11,371"
Bridges,Michigan,2025,"11,397"
Bridges,Minnesota,2010,"13,108"
Bridges,Minnesota,2015,"13,301"
Bridges,Minnesota,2016,"13,355"
Bridges,Minnesota,2017,"13,329"
Bridges,Minnesota,2018,"13,358"
Bridges,Minnesota,2019,"13,346"
Bridges,Minnesota,2020,"13,471"
Bridges,Minnesota,2021,"13,496"
Bridges,Minnesota,2022,"13,497"
Bridges,Minnesota,2023,"13,502"
Bridges,Minnesota,2024,"13,532"
Bridges,Minnesota,2025,"13,551"
Bridges,Mississippi,2010,"17,065"
Bridges,Mississippi,2015,"17,057"
Bridges,Mississippi,2016,"17,068"
Bridges,Mississippi,2017,"17,072"
Bridges,Mississippi,2018,"17,071"
Bridges,Mississippi,2019,"17,019"
Bridges,Mississippi,2020,"16,878"
Bridges,Mississippi,2021,"16,788"
Bridges,Mississippi,2022,"16,782"
Bridges,Mississippi,2023,"16,756"
Bridges,Mississippi,2024,"16,739"
Bridges,Mississippi,2025,"16,711"
Bridges,Missouri,2010,"24,245"
Bridges,Missouri,2015,"24,398"
Bridges,Missouri,2016,"24,468"
Bridges,Missouri,2017,"24,487"
Bridges,Missouri,2018,"24,512"
Bridges,Missouri,2019,"24,494"
Bridges,Missouri,2020,"24,538"
Bridges,Missouri,2021,"24,590"
Bridges,Missouri,2022,"24,569"
Bridges,Missouri,2023,"24,617"
Bridges,Missouri,2024,"24,618"
Bridges,Missouri,2025,"24,647"
Bridges,Montana,2010,"5,119"
Bridges,Montana,2015,"5,243"
Bridges,Montana,2016,"5,276"
Bridges,Montana,2017,"5,302"
Bridges,Montana,2018,"5,265"
Bridges,Montana,2019,"5,278"
Bridges,Montana,2020,"5,271"
Bridges,Montana,2021,"5,266"
Bridges,Montana,2022,"5,278"
Bridges,Montana,2023,"5,218"
Bridges,Montana,2024,"5,224"
Bridges,Montana,2025,"5,235"
Bridges,Nebraska,2010,"15,376"
Bridges,Nebraska,2015,"15,341"
Bridges,Nebraska,2016,"15,334"
Bridges,Nebraska,2017,"15,330"
Bridges,Nebraska,2018,"15,349"
Bridges,Nebraska,2019,"15,332"
Bridges,Nebraska,2020,"15,348"
Bridges,Nebraska,2021,"15,348"
Bridges,Nebraska,2022,"15,336"
Bridges,Nebraska,2023,"15,348"
Bridges,Nebraska,2024,"15,398"
Bridges,Nebraska,2025,"15,412"
Bridges,Nevada,2010,"1,753"
Bridges,Nevada,2015,"1,919"
Bridges,Nevada,2016,"1,933"
Bridges,Nevada,2017,"1,944"
Bridges,Nevada,2018,"1,979"
Bridges,Nevada,2019,"2,029"
Bridges,Nevada,2020,"2,056"
Bridges,Nevada,2021,"2,067"
Bridges,Nevada,2022,"2,071"
Bridges,Nevada,2023,"2,090"
Bridges,Nevada,2024,"2,099"
Bridges,Nevada,2025,"2,123"
Bridges,New Hampshire,2010,"2,409"
Bridges,New Hampshire,2015,"2,470"
Bridges,New Hampshire,2016,"2,486"
Bridges,New Hampshire,2017,"2,479"
Bridges,New Hampshire,2018,"2,494"
Bridges,New Hampshire,2019,"2,502"
Bridges,New Hampshire,2020,"2,514"
Bridges,New Hampshire,2021,"2,527"
Bridges,New Hampshire,2022,"2,531"
Bridges,New Hampshire,2023,"2,537"
Bridges,New Hampshire,2024,"2,542"
Bridges,New Hampshire,2025,"2,549"
Bridges,New Jersey,2010,"6,520"
Bridges,New Jersey,2015,"6,686"
Bridges,New Jersey,2016,"6,730"
Bridges,New Jersey,2017,"6,737"
Bridges,New Jersey,2018,"6,746"
Bridges,New Jersey,2019,"6,786"
Bridges,New Jersey,2020,"6,801"
Bridges,New Jersey,2021,"6,798"
Bridges,New Jersey,2022,"6,805"
Bridges,New Jersey,2023,"6,820"
Bridges,New Jersey,2024,"6,827"
Bridges,New Jersey,2025,"6,825"
Bridges,New Mexico,2010,"3,903"
Bridges,New Mexico,2015,"3,960"
Bridges,New Mexico,2016,"3,973"
Bridges,New Mexico,2017,"3,999"
Bridges,New Mexico,2018,"4,010"
Bridges,New Mexico,2019,"4,014"
Bridges,New Mexico,2020,"4,024"
Bridges,New Mexico,2021,"4,025"
Bridges,New Mexico,2022,"4,033"
Bridges,New Mexico,2023,"4,037"
Bridges,New Mexico,2024,"4,035"
Bridges,New Mexico,2025,"4,033"
Bridges,New York,2010,"17,365"
Bridges,New York,2015,"17,461"
Bridges,New York,2016,"17,462"
Bridges,New York,2017,"17,456"
Bridges,New York,2018,"17,521"
Bridges,New York,2019,"17,540"
Bridges,New York,2020,"17,552"
Bridges,New York,2021,"17,555"
Bridges,New York,2022,"17,557"
Bridges,New York,2023,"17,573"
Bridges,New York,2024,"17,642"
Bridges,New York,2025,"17,666"
Bridges,North Carolina,2010,"18,099"
Bridges,North Carolina,2015,"18,124"
Bridges,North Carolina,2016,"18,099"
Bridges,North Carolina,2017,"18,183"
Bridges,North Carolina,2018,"18,377"
Bridges,North Carolina,2019,"18,407"
Bridges,North Carolina,2020,"18,749"
Bridges,North Carolina,2021,"18,877"
Bridges,North Carolina,2022,"18,822"
Bridges,North Carolina,2023,"18,817"
Bridges,North Carolina,2024,"19,210"
Bridges,North Carolina,2025,"19,343"
Bridges,North Dakota,2010,"4,418"
Bridges,North Dakota,2015,"4,401"
Bridges,North Dakota,2016,"4,400"
Bridges,North Dakota,2017,"4,377"
Bridges,North Dakota,2018,"4,355"
Bridges,North Dakota,2019,"4,329"
Bridges,North Dakota,2020,"4,312"
Bridges,North Dakota,2021,"4,285"
Bridges,North Dakota,2022,"4,281"
Bridges,North Dakota,2023,"4,280"
Bridges,North Dakota,2024,"4,255"
Bridges,North Dakota,2025,"4,250"
Bridges,Ohio,2010,"28,033"
Bridges,Ohio,2015,"27,104"
Bridges,Ohio,2016,"28,284"
Bridges,Ohio,2017,"27,345"
Bridges,Ohio,2018,"27,277"
Bridges,Ohio,2019,"27,167"
Bridges,Ohio,2020,"27,072"
Bridges,Ohio,2021,"27,151"
Bridges,Ohio,2022,"27,003"
Bridges,Ohio,2023,"26,960"
Bridges,Ohio,2024,"26,729"
Bridges,Ohio,2025,"26,713"
Bridges,Oklahoma,2010,"23,692"
Bridges,Oklahoma,2015,"23,049"
Bridges,Oklahoma,2016,"23,053"
Bridges,Oklahoma,2017,"23,071"
Bridges,Oklahoma,2018,"23,116"
Bridges,Oklahoma,2019,"23,138"
Bridges,Oklahoma,2020,"23,155"
Bridges,Oklahoma,2021,"23,220"
Bridges,Oklahoma,2022,"23,197"
Bridges,Oklahoma,2023,"22,872"
Bridges,Oklahoma,2024,"22,917"
Bridges,Oklahoma,2025,"22,926"
Bridges,Oregon,2010,"7,255"
Bridges,Oregon,2015,"8,037"
Bridges,Oregon,2016,"8,118"
Bridges,Oregon,2017,"8,147"
Bridges,Oregon,2018,"8,161"
Bridges,Oregon,2019,"8,211"
Bridges,Oregon,2020,"8,214"
Bridges,Oregon,2021,"8,235"
Bridges,Oregon,2022,"8,255"
Bridges,Oregon,2023,"8,292"
Bridges,Oregon,2024,"8,305"
Bridges,Oregon,2025,"8,329"
Bridges,Pennsylvania,2010,"22,362"
Bridges,Pennsylvania,2015,"22,783"
Bridges,Pennsylvania,2016,"22,791"
Bridges,Pennsylvania,2017,"22,779"
Bridges,Pennsylvania,2018,"22,737"
Bridges,Pennsylvania,2019,"22,911"
Bridges,Pennsylvania,2020,"22,965"
Bridges,Pennsylvania,2021,"23,166"
Bridges,Pennsylvania,2022,"23,202"
Bridges,Pennsylvania,2023,"23,257"
Bridges,Pennsylvania,2024,"23,299"
Bridges,Pennsylvania,2025,"23,314"
Bridges,Rhode Island,2010,757
Bridges,Rhode Island,2015,766
Bridges,Rhode Island,2016,772
Bridges,Rhode Island,2017,778
Bridges,Rhode Island,2018,780
Bridges,Rhode Island,2019,779
Bridges,Rhode Island,2020,777
Bridges,Rhode Island,2021,779
Bridges,Rhode Island,2022,784
Bridges,Rhode Island,2023,782
Bridges,Rhode Island,2024,783
Bridges,Rhode Island,2025,787
Bridges,South Carolina,2010,"9,252"
Bridges,South Carolina,2015,"9,344"
Bridges,South Carolina,2016,"9,358"
Bridges,South Carolina,2017,"9,341"
Bridges,South Carolina,2018,"9,401"
Bridges,South Carolina,2019,"9,419"
Bridges,South Carolina,2020,"9,455"
Bridges,South Carolina,2021,"9,395"
Bridges,South Carolina,2022,"9,427"
Bridges,South Carolina,2023,"9,481"
Bridges,South Carolina,2024,"9,490"
Bridges,South Carolina,2025,"9,504"
Bridges,South Dakota,2010,"5,891"
Bridges,South Dakota,2015,"5,866"
Bridges,South Dakota,2016,"5,849"
Bridges,South Dakota,2017,"5,818"
Bridges,South Dakota,2018,"5,824"
Bridges,South Dakota,2019,"5,821"
Bridges,South Dakota,2020,"5,880"
Bridges,South Dakota,2021,"5,886"
Bridges,South Dakota,2022,"5,897"
Bridges,South Dakota,2023,"5,889"
Bridges,South Dakota,2024,"5,887"
Bridges,South Dakota,2025,"5,883"
Bridges,Tennessee,2010,"19,892"
Bridges,Tennessee,2015,"20,106"
Bridges,Tennessee,2016,"20,123"
Bridges,Tennessee,2017,"20,169"
Bridges,Tennessee,2018,"20,177"
Bridges,Tennessee,2019,"20,226"
Bridges,Tennessee,2020,"20,235"
Bridges,Tennessee,2021,"20,331"
Bridges,Tennessee,2022,"20,377"
Bridges,Tennessee,2023,"20,373"
Bridges,Tennessee,2024,"20,379"
Bridges,Tennessee,2025,"20,374"
Bridges,Texas,2010,"51,454"
Bridges,Texas,2015,"53,209"
Bridges,Texas,2016,"53,488"
Bridges,Texas,2017,"53,869"
Bridges,Texas,2018,"54,131"
Bridges,Texas,2019,"54,432"
Bridges,Texas,2020,"54,682"
Bridges,Texas,2021,"55,175"
Bridges,Texas,2022,"55,701"
Bridges,Texas,2023,"56,313"
Bridges,Texas,2024,"56,729"
Bridges,Texas,2025,"56,951"
Bridges,Utah,2010,"2,911"
Bridges,Utah,2015,"3,019"
Bridges,Utah,2016,"3,039"
Bridges,Utah,2017,"3,051"
Bridges,Utah,2018,"3,061"
Bridges,Utah,2019,"3,063"
Bridges,Utah,2020,"3,062"
Bridges,Utah,2021,"3,056"
Bridges,Utah,2022,"3,080"
Bridges,Utah,2023,"3,109"
Bridges,Utah,2024,"3,125"
Bridges,Utah,2025,"3,144"
Bridges,Vermont,2010,"2,712"
Bridges,Vermont,2015,"2,749"
Bridges,Vermont,2016,"2,766"
Bridges,Vermont,2017,"2,772"
Bridges,Vermont,2018,"2,778"
Bridges,Vermont,2019,"2,818"
Bridges,Vermont,2020,"2,827"
Bridges,Vermont,2021,"2,836"
Bridges,Vermont,2022,"2,846"
Bridges,Vermont,2023,"2,856"
Bridges,Vermont,2024,"2,862"
Bridges,Vermont,2025,"2,866"
Bridges,Virginia,2010,"13,522"
Bridges,Virginia,2015,"13,884"
Bridges,Virginia,2016,"13,892"
Bridges,Virginia,2017,"13,932"
Bridges,Virginia,2018,"13,931"
Bridges,Virginia,2019,"13,933"
Bridges,Virginia,2020,"13,963"
Bridges,Virginia,2021,"13,997"
Bridges,Virginia,2022,"14,042"
Bridges,Virginia,2023,"14,068"
Bridges,Virginia,2024,"14,121"
Bridges,Virginia,2025,"14,143"
Bridges,Washington,2010,"7,755"
Bridges,Washington,2015,"8,158"
Bridges,Washington,2016,"8,178"
Bridges,Washington,2017,"8,233"
Bridges,Washington,2018,"8,278"
Bridges,Washington,2019,"8,300"
Bridges,Washington,2020,"8,338"
Bridges,Washington,2021,"8,358"
Bridges,Washington,2022,"8,388"
Bridges,Washington,2023,"8,421"
Bridges,Washington,2024,"8,474"
Bridges,Washington,2025,"8,520"
Bridges,West Virginia,2010,"7,069"
Bridges,West Virginia,2015,"7,215"
Bridges,West Virginia,2016,"7,217"
Bridges,West Virginia,2017,"7,228"
Bridges,West Virginia,2018,"7,269"
Bridges,West Virginia,2019,"7,291"
Bridges,West Virginia,2020,"7,295"
Bridges,West Virginia,2021,"7,314"
Bridges,West Virginia,2022,"7,317"
Bridges,West Virginia,2023,"7,323"
Bridges,West Virginia,2024,"7,348"
Bridges,West Virginia,2025,"7,345"
Bridges,Wisconsin,2010,"13,982"
Bridges,Wisconsin,2015,"14,134"
Bridges,Wisconsin,2016,"14,230"
Bridges,Wisconsin,2017,"14,253"
Bridges,Wisconsin,2018,"14,275"
Bridges,Wisconsin,2019,"14,249"
Bridges,Wisconsin,2020,"14,271"
Bridges,Wisconsin,2021,"14,307"
Bridges,Wisconsin,2022,"14,336"
Bridges,Wisconsin,2023,"14,412"
Bridges,Wisconsin,2024,"14,446"
Bridges,Wisconsin,2025,"14,498"
Bridges,Wyoming,2010,"3,060"
Bridges,Wyoming,2015,"3,085"
Bridges,Wyoming,2016,"3,128"
Bridges,Wyoming,2017,"3,127"
Bridges,Wyoming,2018,"3,129"
Bridges,Wyoming,2019,"3,114"
Bridges,Wyoming,2020,"3,122"
Bridges,Wyoming,2021,"3,114"
Bridges,Wyoming,2022,"3,121"
Bridges,Wyoming,2023,"3,131"
Bridges,Wyoming,2024,"3,136"
Bridges,Wyoming,2025,"3,138"
Bridges,Guam,2018,10
Bridges,Guam,2019,10
Bridges,Guam,2020,10
Bridges,Guam,2021,10
Bridges,Guam,2022,57
Bridges,Guam,2023,47
Bridges,Guam,2024,47
Bridges,Puerto Rico,2010,"2,201"
Bridges,Puerto Rico,2015,"2,306"
Bridges,Puerto Rico,2016,"2,308"
Bridges,Puerto Rico,2017,"2,325"
Bridges,Puerto Rico,2018,"2,325"
Bridges,Puerto Rico,2019,"2,315"
Bridges,Puerto Rico,2020,"2,334"
Bridges,Puerto Rico,2021,"2,334"
Bridges,Puerto Rico,2022,"2,335"
Bridges,Puerto Rico,2023,"2,335"
Bridges,Puerto Rico,2024,"2,385"
Bridges,Puerto Rico,2025,"2,434"
Bridges,U.S. Virgin Islands,2019,24
Bridges,U.S. Virgin Islands,2020,24
Bridges,U.S. Virgin Islands,2021,24
Bridges,U.S. Virgin Islands,2022,24
Bridges,U.S. Virgin Islands,2023,24
Bridges,U.S. Virgin Islands,2024,24
Bridges,U.S. Virgin Islands,2025,24
