X,Y,OBJECTID,FacilityName,FacilityType,FacilityStreetAddress,CityName,State,ZIP,CNTY_NAME,WaterwayName,PortName,RiverMilePoint,Commodity,ADD_Abbrev,ADD_Name,District,D_District,COUNTY,FIPS_Code,UNLOCODE,UpdateIndicator,GUID_Str,END_ACTIVE_DATE,LATITUDE,LONGITUDE,created_user,created_date,last_edited_user,last_edited_date,GlobalID
5472088.16375038,4150020.13836156,1,EAST KENTUCKY POWER COOP INC,Dock,State Highway 8,Maysville,KY,41056,Mason,Ohio River,"Cincinnati-Northern KY, Ports of",414.1,"Coal,Lignite & Coal Coke | Iron Ore and Iron & Steel Waste & Scrap | Sulphur (Dry), Clay & Salt | Primary Non-Ferrous Metal Products;Fabricated Metal Prods. | All Manufactured Equipment, Machinery and Products",BTADD,BUFFALO TRACE ADD,9,Flemingsburg,81,161,MVU,2,{EC243D5C-E856-4CE5-9DA5-02BEFAA2C2C1},,38.704722,-83.819722,KYTCGIS,2025/01/14 11:16:33.441+00,KYTCGIS,2025/01/14 11:16:33.441+00,9f05ecdc-df8c-4ee3-b830-c9d3085d0cbe
4091953.3331463,3568355.43555155,2,PADUCAH MUNICIPAL WHARF,Dock, ,Paducah,KY,42003,McCracken,"Tennessee River, TN, AL and KY","Paducah-McCracken County Riverport, KY",0.1,"Gasoline, Jet Fuel, Kerosene",PUADD,PURCHASE ADD,1,Paducah,73,145,PAH,2,{E89F8729-7B09-431F-92A3-033BAA5CD492},,37.088611,-88.591111,KYTCGIS,2025/01/14 11:16:33.441+00,KYTCGIS,2025/01/14 11:16:33.441+00,4c63be28-1cda-498f-9968-35b5a5d702cb
4546810.27907364,3826177.05770256,3,EMS - OWENSBORO HARBOR SERVICE,Dock,100 Wrights Landing Road,Owensboro,KY,42303,Daviess,Ohio River, ,751.4,"Distillate,Residual & Other Fuel Oils; Lube Oil & Greases | Fertilizers | Iron Ore and Iron & Steel Waste & Scrap | Sulphur (Dry), Clay & Salt | Primary Iron and Steel Products (Ingots,Bars,Rods,etc.) | Wheat | Corn | Oilseeds (Soybean, Flaxseed and Othe",GRADD,GREEN RIVER ADD,2,Madisonville,30,59,OWB,2,{847FE0D7-AF5B-4792-9746-08CBB880DDA1},,37.823889,-87.046944,KYTCGIS,2025/01/14 11:16:33.441+00,KYTCGIS,2025/01/14 11:16:33.441+00,bd00549d-ef81-44d8-8ebd-a697f5c957fc
4107772.80675663,3553854.33036748,4,"LIVINGSTON POINT, RIVER TERMINAL DOCK",Dock, ,Ledbetter,KY, ,Livingston,"Tennessee River, TN, AL and KY", ,4.4,"Coal,Lignite & Coal Coke | Fertilizers | Food and Farm Products | Wheat | Corn | Barley, Rye, Oats, Rice and Sorghum Grains | Oilseeds (Soybean, Flaxseed and Others) | All Manufactured Equipment, Machinery and Products",PEADD,FIVCO,1,Paducah,70,139,PAH,2,{FEA6C8BE-43FD-422F-A452-0C1AF7234158},,37.049769,-88.537786,KYTCGIS,2025/01/14 11:16:33.441+00,KYTCGIS,2025/01/14 11:16:33.441+00,adc34146-dd4e-416b-8180-549f1ad24fe1
5279974.37278189,4267832.36992823,5,ESSROC MATERIALS INC,Dock, ,LATONIA,KY,41015,Campbell,"Licking River, KY","Cincinnati-Northern KY, Ports of",6,"Building Cement & Concrete; Lime; Glass | All Manufactured Equipment, Machinery and Products",NKADD,NORTHERN KENTUCKY ADD,6,Covington,19,37,LT2,2,{C770A70A-D5F4-494C-9E1A-0CBFC4E9B154},,39.03715,-84.48725,KYTCGIS,2025/01/14 11:16:33.441+00,KYTCGIS,2025/01/14 11:16:33.441+00,cc963ac8-5209-4708-89c7-77118f91049a
5824812.53900889,4034951.75891873,6,MARATHON PETROLEUM LLC HEAVY OIL DOCK,Dock,U.S. Highway 23,Catlettsburg,KY,41129,Boyd,"Big Sandy River, Tug and Levisa Forks, KY and WV",Huntington - Tristate,4,"Crude Petroleum | Gasoline, Jet Fuel, Kerosene | Distillate,Residual & Other Fuel Oils; Lube Oil & Greases | Petroleum Pitches, Coke, Asphalt, Naptha and Solvents | Petroleum Products NEC | Other Chemicals and Related Products | Primary Non-Ferrous Metal",FIVCO,FIVCO ADD,9,Flemingsburg,10,19,CGK,2,{F6D89385-6A0C-4B24-9F80-0D0AB4995E09},,38.3625,-82.598056,KYTCGIS,2025/01/14 11:16:33.441+00,KYTCGIS,2025/01/14 11:16:33.441+00,e82c6d2a-49bc-4143-8f68-f067fd3f54e0
5276882.01774614,4274759.40659906,7,Marathon Oil Corporation,Dock,230 East 33rd Street.,Covington,KY, ,Kenton,"Licking River, KY","Cincinnati-Northern KY, Ports of",2.7,"Petroleum and Petroleum Products | Gasoline, Jet Fuel, Kerosene | Distillate,Residual & Other Fuel Oils; Lube Oil & Greases | Petroleum Pitches, Coke, Asphalt, Naptha and Solvents",NKADD,NORTHERN KENTUCKY ADD,6,Covington,59,117,CVK,2,{635FEAFA-6E37-41AF-8BE2-0D5F8B472029},,39.056279,-84.497807,KYTCGIS,2025/01/14 11:16:33.441+00,KYTCGIS,2025/01/14 11:16:33.441+00,ef8c9914-442e-47d8-8804-123b7084a6ee
4419012.52515522,3856467.42428707,8,TRIPLE S WELDING & MARINE SERVICE,Dock,Tillman-Bethel Road,Spottsville,KY, ,Henderson,"Green and Barren Rivers, KY","Henderson County Riverport, KY",0.9,"Petroleum Pitches, Coke, Asphalt, Naptha and Solvents",GRADD,GREEN RIVER ADD,2,Madisonville,51,101,XGD,2,{0B3A8A46-38EA-42EA-9CC2-0F7B7CD41A59},,37.901389,-87.490833,KYTCGIS,2025/01/14 11:16:33.441+00,KYTCGIS,2025/01/14 11:16:33.441+00,b9b5114e-3669-48ae-9fd6-406d4a888f64
4094735.07495813,3561954.36830123,9,"JAMES MARINE LANDING, PADUCAH WHARF",Dock,1810 South 4th Street.,Paducah,KY,42003,McCracken,"Tennessee River, TN, AL and KY","Paducah-McCracken County Riverport, KY",1.4,"Fertilizers | Iron Ore and Iron & Steel Waste & Scrap | Primary Iron and Steel Products (Ingots,Bars,Rods,etc.) | Oilseeds (Soybean, Flaxseed and Others)",PUADD,PURCHASE ADD,1,Paducah,73,145,PAH,2,{15852A90-9F8A-4C77-BC7F-10CF00B04D68},,37.07,-88.581389,KYTCGIS,2025/01/14 11:16:33.441+00,KYTCGIS,2025/01/14 11:16:33.441+00,cad03435-062d-4c2c-ad53-d343b8bc974a
5819902.58623038,4071840.26716256,10,ARMCO STEEL CO (S COAL TAR),Dock,Foot of 40th Street,Ashland,KY,41101,Boyd,Ohio River,Huntington - Tristate,320.3,"Petroleum Pitches, Coke, Asphalt, Naptha and Solvents",FIVCO,FIVCO ADD,9,Flemingsburg,10,19,ANL,2,{D0FF9C8B-AAC0-40B3-8150-10F6977EBA53},,38.461111,-82.609444,KYTCGIS,2025/01/14 11:16:33.441+00,KYTCGIS,2025/01/14 11:16:33.441+00,f71e15f0-0da8-4ce6-b5a1-111dcf4e57d0
4393878.39071231,3848118.28875439,11,HOME OIL CO  HENDERSON KY,Dock,2633 Sunset Lane,Henderson,KY,42420,Henderson,Ohio River,"Henderson County Riverport, KY",801.2,"Coal,Lignite & Coal Coke | Gasoline, Jet Fuel, Kerosene | Distillate,Residual & Other Fuel Oils; Lube Oil & Greases | Petroleum Pitches, Coke, Asphalt, Naptha and Solvents | Fertilizers",GRADD,GREEN RIVER ADD,2,Madisonville,51,101,XGD,2,{6C045686-E269-49AE-A86F-12E15548A4FF},,37.877222,-87.576944,KYTCGIS,2025/01/14 11:16:33.441+00,KYTCGIS,2025/01/14 11:16:33.441+00,01557510-83fc-4608-a2b6-2d3b44c10875
4895159.99608672,3970846.58332355,12,"Ashland Petroleum Co., Louisville Refinery, Lower Dock.",Dock,4510 Algonquin Parkway,Louisville,KY,40211,Jefferson,Ohio River,"Louisville, KY",612.2,"Petroleum Pitches, Coke, Asphalt, Naptha and Solvents",KIPDA,KIPDA ADD,5,Louisville,56,111,LUI,2,{EA243B3B-3AEA-47DF-93E4-179824925A9C},,38.228333,-85.840833,KYTCGIS,2025/01/14 11:16:33.441+00,KYTCGIS,2025/01/14 11:16:33.441+00,b269cc1b-b18c-40cb-86e8-17bd71d15871
4421685.77144913,3856463.20710389,13,Yellow Banks Fleet,Fleeting Area, , ,KY, ,Henderson,"Green and Barren Rivers, KY","Henderson County Riverport, KY",1.4, ,GRADD,GREEN RIVER ADD,2,Madisonville,51,101, ,2,{6731BE14-7B79-4987-9961-186130E8DC48},,37.901514,-87.481569,KYTCGIS,2025/01/14 11:16:33.441+00,KYTCGIS,2025/01/14 11:16:33.441+00,7819109b-840d-4f30-a651-f9122fba5005
5821419.36272439,4064187.94224414,14,ASHLAND COAL  CATLETTSBURG,Dock,Foot of  53rd Street,Catlettsburg,KY,41129,Boyd,Ohio River,Huntington - Tristate,318.9,"Coal,Lignite & Coal Coke",FIVCO,FIVCO ADD,9,Flemingsburg,10,19,CGK,2,{8F6600C4-DB20-47F1-9A45-1913AA816742},,38.442222,-82.606667,KYTCGIS,2025/01/14 11:16:33.441+00,KYTCGIS,2025/01/14 11:16:33.441+00,63cadbe0-2767-485f-84c7-e733d2ff67da
4039864.47735047,3595720.18594006,15,TENNESSEE VALLEY AUTHORITY,Dock, ,West Paducah,KY,42086,McCracken,Ohio River,"Paducah-McCracken County Riverport, KY",946,"Coal,Lignite & Coal Coke | Forest Products, Lumber, Logs, Woodchips",PUADD,PURCHASE ADD,1,Paducah,73,145,PAH,2,{E548B7CF-00C0-4C7D-A24E-19CE43E590E2},,37.158889,-88.775,KYTCGIS,2025/01/14 11:16:33.441+00,KYTCGIS,2025/01/14 11:16:33.441+00,bf470517-ca89-4edc-b3da-d97e7b2ec72e
5768186.68670964,4103076.86380997,16,BOYD COUNTY GREENUP COUNTY RIVERPORT,Dock, ,GREENUP,KY,41144,Greenup,Ohio River,Huntington - Tristate,332,"Coal,Lignite & Coal Coke | Iron Ore and Iron & Steel Waste & Scrap | Non-Ferrous Ores and Scrap | Sulphur (Dry), Clay & Salt | Building Cement & Concrete; Lime; Glass | Primary Iron and Steel Products (Ingots,Bars,Rods,etc.) | Primary Non-Ferrous Metal P",FIVCO,FIVCO ADD,9,Flemingsburg,45,89,WUR,2,{E1EABC08-FCAE-452E-873D-1A36D2B128BE},,38.55456,-82.78791,KYTCGIS,2025/01/14 11:16:33.441+00,KYTCGIS,2025/01/14 11:16:33.441+00,0954ccd3-5051-4e5d-89e9-7792e0b66691
4167714.70819806,3554290.22680539,17,"AIR PRODUCTS & CHEMICALS, CALVERT CITY DOCK",Dock,Industrial Parkway.,Calvert City,KY,42029,Marshall,"Tennessee River, TN, AL and KY", ,17.6,"Distillate,Residual & Other Fuel Oils; Lube Oil & Greases | Chemicals and Related Products | Other Chemicals and Related Products",PUADD,PURCHASE ADD,1,Paducah,79,157,CCT,2,{588733D4-FA5C-4F20-9884-1A5C5984999C},,37.055833,-88.333056,KYTCGIS,2025/01/14 11:16:33.441+00,KYTCGIS,2025/01/14 11:16:33.441+00,abad5dcf-0477-4da9-8ad8-6a4474ef577a
5812510.51079147,4077622.16373523,18,MANSBACK METAL CO,Dock,1900 Front Street,ASHLAND,KY,41101,Boyd,Ohio River,Huntington - Tristate,323,"Coal,Lignite & Coal Coke | Iron Ore and Iron & Steel Waste & Scrap | Primary Iron and Steel Products (Ingots,Bars,Rods,etc.) | Primary Non-Ferrous Metal Products;Fabricated Metal Prods.",FIVCO,FIVCO ADD,9,Flemingsburg,10,19,ANL,2,{1F88C13E-89D0-406B-9C76-1D5CE47CE462},,38.48056,-82.63639,KYTCGIS,2025/01/14 11:16:33.441+00,KYTCGIS,2025/01/14 11:16:33.441+00,7d91e06b-349f-498e-a72d-4b05a816d6e4
4372702.44618763,3826111.46629831,19,MOSAIC COMPANY,Dock,West Geneva Road.,Henderson,KY,42420,Henderson,Ohio River,"Henderson County Riverport, KY",807.5,"Fertilizers | Other Chemicals and Related Products | Building Cement & Concrete; Lime; Glass | Animal Feed, Grain Mill Products, Flour, Processed Grains",GRADD,GREEN RIVER ADD,2,Madisonville,51,101,XGD,2,{3607471A-BE1B-42B7-84C7-23BEE29443E3},,37.815556,-87.649167,KYTCGIS,2025/01/14 11:16:33.441+00,KYTCGIS,2025/01/14 11:16:33.441+00,d7232cad-55fc-4409-a1a5-cf50d170e87a
4051942.05555747,3587392.06545722,20,AMERICAN MARINE TERMINALS,Dock, ,Paducah,KY,42086,McCracken,Ohio River,"Paducah-McCracken County Riverport, KY",944,"Coal,Lignite & Coal Coke",PUADD,PURCHASE ADD,1,Paducah,73,145,PAH,2,{AFF261AB-71E2-4D8A-9FFB-2867DF40CD8D},,37.140278,-88.741944,KYTCGIS,2025/01/14 11:16:33.441+00,KYTCGIS,2025/01/14 11:16:33.441+00,bea099c3-7895-4339-9e9c-03a91e0e8a97
3943582.69255222,3521564.1738193,21,"INGRAM BARGE CO., KENTUCKY FLEET MOORING",Fleeting Area,78 Riverside Drive.,BARDWELL,KY,42023,Carlisle,"Mississippi River, Mouth of Ohio River to Baton Rouge, LA", ,948.5, ,PUADD,PURCHASE ADD,1,Paducah,20,39, ,2,{E50D32E7-A520-4DA8-B8BE-28D84ED90E56},,36.942222,-89.096111,KYTCGIS,2025/01/14 11:16:33.441+00,KYTCGIS,2025/01/14 11:16:33.441+00,70d7edbf-c907-4eba-ac08-bab9ddb3da4e
4877366.09761947,3947573.63905589,22,LOUISVILLE/JEFF CO RIVERPORT,Dock,6900 Cane Run Road,Louisville,KY,40258,Jefferson,Ohio River, ,618.5,"Coal,Lignite & Coal Coke | Fertilizers | Primary Iron and Steel Products (Ingots,Bars,Rods,etc.) | Corn | Unknown or Not Elsewhere Classified",KIPDA,KIPDA ADD,5,Louisville,56,111,LUI,2,{57E1B68D-D0F0-4CAF-A374-2AA9284772CE},,38.157778,-85.903056,KYTCGIS,2025/01/14 11:16:33.441+00,KYTCGIS,2025/01/14 11:16:33.441+00,f335a24d-40a8-47e2-8275-9f4b9fc3267b
4370853.19135597,3825946.67857014,23,Henderson County Riverport Authority Wharf.,Dock,6200 Riverport Road,Henderson,KY,42420,Henderson,Ohio River,"Henderson County Riverport, KY",807.8,"Coal,Lignite & Coal Coke | Primary Iron and Steel Products (Ingots,Bars,Rods,etc.) | Food and Farm Products | Unknown or Not Elsewhere Classified",GRADD,GREEN RIVER ADD,2,Madisonville,51,101,XGD,2,{6E25D7C1-3575-4F3F-A79C-2C7133BDC63D},,37.815,-87.655556,KYTCGIS,2025/01/14 11:16:33.441+00,KYTCGIS,2025/01/14 11:16:33.441+00,3b02ad3e-be93-485f-a52d-aad1f772ac3d
4518978.47778197,3815519.16497639,24,OWENSBORO RIVERPORT AUTHORITY,Dock, ,OWENSBORO,KY,42301,Daviess,Ohio River,"Owensboro, KY",758.6,"Coal,Lignite & Coal Coke | Distillate,Residual & Other Fuel Oils; Lube Oil & Greases | Fertilizers | Other Chemicals and Related Products | Sand, Gravel, Stone, Rock, Limestone, Soil, Dredged Material | Iron Ore and Iron & Steel Waste & Scrap | Non-Ferro",GRADD,GREEN RIVER ADD,2,Madisonville,30,59,OWB,2,{B407D9BA-8424-49AB-AAAC-34F8D2F80E00},,37.793554,-87.142277,KYTCGIS,2025/01/14 11:16:33.441+00,KYTCGIS,2025/01/14 11:16:33.441+00,96621571-1e97-440f-a3ed-10d2ccba45b2
5125898.30888739,4162133.11249514,25,"KENTUCKY UTILITIES CO., INC.",Dock,U.S. Highway 42.,Ghent,KY,41045,Carroll,Ohio River,"Cincinnati-Northern KY, Ports of",535.8,"Coal,Lignite & Coal Coke | Sand, Gravel, Stone, Rock, Limestone, Soil, Dredged Material | Iron Ore and Iron & Steel Waste & Scrap | Slag | Primary Iron and Steel Products (Ingots,Bars,Rods,etc.) | Primary Non-Ferrous Metal Products;Fabricated Metal Prods",NKADD,NORTHERN KENTUCKY ADD,6,Covington,21,41,GHE,2,{71E11AFD-C7DA-415A-A210-36058E5288E5},,38.751944,-85.032778,KYTCGIS,2025/01/14 11:16:33.441+00,KYTCGIS,2025/01/14 11:16:33.441+00,d9af3b36-f6c7-4bd0-a9a9-dece012a8429
4189194.76989664,3601349.05722822,26,Cumberland River Quarry,Dock, ,TILINE,KY,42083,Livingston,"Cumberland River, Mouth to Nashville, TN", ,14.5,"Coal,Lignite & Coal Coke | Sand, Gravel, Stone, Rock, Limestone, Soil, Dredged Material | Primary Iron and Steel Products (Ingots,Bars,Rods,etc.)",PEADD,PENNYRILE ADD,1,Paducah,70,139, ,2,{4441AC35-E09D-424E-B932-37E05EB9CACC},,37.18651,-88.263278,KYTCGIS,2025/01/14 11:16:33.441+00,KYTCGIS,2025/01/14 11:16:33.441+00,5a385ba5-3280-4a45-b2d5-8c9758c03b6b
4519407.08355205,3816492.34872556,27,"MILES FARM SUPPLY, INC.",Dock,Harbor Road,Owensboro,KY,42301,Daviess,Ohio River,"Owensboro, KY",758.8,"Petroleum Pitches, Coke, Asphalt, Naptha and Solvents | Fertilizers | Other Chemicals and Related Products | Sand, Gravel, Stone, Rock, Limestone, Soil, Dredged Material | Building Cement & Concrete; Lime; Glass | Wheat | Corn | Oilseeds (Soybean, Flaxse",GRADD,GREEN RIVER ADD,2,Madisonville,30,59,OWB,2,{8D70F5C3-2F97-44E6-970B-393671768CF9},,37.796244,-87.140844,KYTCGIS,2025/01/14 11:16:33.441+00,KYTCGIS,2025/01/14 11:16:33.441+00,53459ecd-71a2-43b5-a70a-31916d435482
4366992.32571813,3827322.81820631,28,HENDERSON COUNTY RIVERPORT AUTHORITY WHARVES,Dock, ,HENDERSON,KY,42406,Henderson,Ohio River,"Henderson County Riverport, KY",807,"Coal,Lignite & Coal Coke | Gasoline, Jet Fuel, Kerosene | Distillate,Residual & Other Fuel Oils; Lube Oil & Greases | Petroleum Pitches, Coke, Asphalt, Naptha and Solvents | Fertilizers | Other Chemicals and Related Products | Sand, Gravel, Stone, Rock,",GRADD,GREEN RIVER ADD,2,Madisonville,51,101, ,2,{A835FA06-187E-47D0-95FF-3B342D17253D},,37.82382,-87.68099,KYTCGIS,2025/01/14 11:16:33.441+00,KYTCGIS,2025/01/14 11:16:33.441+00,10726cf7-f093-4bc2-803c-358b0e803b28
4519000.71231756,3815944.16576681,29,"Owensboro Riverport Authority, Dry Bulk and General Cargo Dock.",Dock,Harbor Road,Owensboro,KY,42301,Daviess,Ohio River,"Owensboro, KY",758.7,"Fertilizers | Iron Ore and Iron & Steel Waste & Scrap | Primary Iron and Steel Products (Ingots,Bars,Rods,etc.) | Unknown or Not Elsewhere Classified",GRADD,GREEN RIVER ADD,2,Madisonville,30,59,OWB,2,{6BD4B90F-C16D-4B57-8DF6-3D5AB4AB2821},,37.794722,-87.142222,KYTCGIS,2025/01/14 11:16:33.441+00,KYTCGIS,2025/01/14 11:16:33.441+00,11236a13-bcb2-4567-8fcd-d81d278c6366
4371416.96942788,3826036.41592348,30,"Henderson County Riverport Authority, Coal Loading Dock.",Dock,6200 Riverport Road,Henderson,KY,42420,Henderson,Ohio River,"Henderson County Riverport, KY",807.6,"Coal,Lignite & Coal Coke | Food and Farm Products | Unknown or Not Elsewhere Classified",BTADD,GREEN RIVER ADD,2,Madisonville,51,101,XGD,2,{DCB8EC7C-4962-448A-A2F3-3E178FA2A919},,37.815278,-87.653611,KYTCGIS,2025/01/14 11:16:33.441+00,KYTCGIS,2025/01/14 11:16:33.441+00,f18bdf1b-c754-42ce-a7ec-d7c098250f63
4518672.18738405,3815443.25863214,31,"Owensboro Riverport Authority, Grain Loading Dock.",Dock,2300 Harbor Road,Owensboro,KY,42301,Daviess,Ohio River,"Owensboro, KY",758.7,Food and Farm Products,GRADD,GREEN RIVER ADD,2,Madisonville,30,59,OWB,2,{927D4289-33FA-47A6-87E2-3E755E311CC2},,37.793333,-87.143333,KYTCGIS,2025/01/14 11:16:33.441+00,KYTCGIS,2025/01/14 11:16:33.441+00,d39e97dd-ac39-4fcc-90d9-b750832e7acd
4895483.78448114,3971684.38020439,32,B P OIL CO,Dock,1500 South Western Parkway,Louisville,KY,40211,Jefferson,Ohio River,"Louisville, KY",612,"Petroleum and Petroleum Products | Gasoline, Jet Fuel, Kerosene | Distillate,Residual & Other Fuel Oils; Lube Oil & Greases",KIPDA,KIPDA ADD,5,Louisville,56,111,LUI,2,{0E65995F-1346-4026-B72F-3ED66CCA419C},,38.233611,-85.837778,KYTCGIS,2025/01/14 11:16:33.441+00,KYTCGIS,2025/01/14 11:16:33.441+00,0d77f081-e3c7-4c06-90a3-c3bfc8dd93fa
5277708.24345589,4277645.8233984,33,IPSCO Tubulars (KY) Inc.,Dock,100 Steel Plant Road,Wilder,KY,41071,Campbell,"Licking River, KY","Cincinnati-Northern KY, Ports of",2.1,"Iron Ore and Iron & Steel Waste & Scrap | Primary Iron and Steel Products (Ingots,Bars,Rods,etc.) | Primary Non-Ferrous Metal Products;Fabricated Metal Prods. | All Manufactured Equipment, Machinery and Products",NKADD,NORTHERN KENTUCKY ADD,6,Covington,19,37,WII,2,{2F7C0529-A6C8-496F-8CD6-3EFC3F344341},,39.064167,-84.495,KYTCGIS,2025/01/14 11:16:33.441+00,KYTCGIS,2025/01/14 11:16:33.441+00,1576066a-5464-467d-91ce-d2a13606531a
5832600.82002021,4018978.38568181,34,"Riverway South, Inc.",Dock,16232 U.S. Highway 23,Catlettsburg,KY,41129,Boyd,"Big Sandy River, Tug and Levisa Forks, KY and WV",Huntington - Tristate,7.4,"Coal,Lignite & Coal Coke",FIVCO,FIVCO ADD,9,Flemingsburg,10,19,CGK,2,{F0E5BA85-C034-4F5D-A193-3FA3CE09BE2F},,38.319167,-82.573333,KYTCGIS,2025/01/14 11:16:33.441+00,KYTCGIS,2025/01/14 11:16:33.441+00,c576157d-809e-420f-9ad9-b86fede91950
4089795.68949573,3570499.86531781,35,"MIDWEST TERMINAL, INC.",Dock,725 North Fifth Street.,Paducah,KY,42001,McCracken,Ohio River,"Paducah-McCracken County Riverport, KY",935.4,"Petroleum and Petroleum Products | Petroleum Pitches, Coke, Asphalt, Naptha and Solvents",PUADD,PURCHASE ADD,1,Paducah,73,145,PAH,2,{9E4285A6-5D5E-4159-9774-3FC3D2BC0B63},,37.096111,-88.603889,KYTCGIS,2025/01/14 11:16:33.441+00,KYTCGIS,2025/01/14 11:16:33.441+00,7729eb4d-798c-4326-97d4-0763df5710de
4116745.06604305,3555493.16829714,36,Three Rivers Boat & Barge Inc. (Three Rivers Marine),Dock, ,Ledbetter,KY,42058,Livingston,Ohio River, ,929.3,"Sand, Gravel, Stone, Rock, Limestone, Soil, Dredged Material | Sulphur (Dry), Clay & Salt | Unknown or Not Elsewhere Classified",PEADD,PENNYRILE ADD,1,Paducah,70,139,PAH,2,{D484BAF7-675E-4DF1-A553-41289C4B0DE5},,37.055,-88.507222,KYTCGIS,2025/01/14 11:16:33.441+00,KYTCGIS,2025/01/14 11:16:33.441+00,05e23bcc-7cc4-4b1e-a025-1f76a93d7d95
4894200.99177113,3969532.59776255,37,VALERO TERMINALING AND DISTRIBUTION COMPANY,Dock,4401 Bells Lane,Louisville,KY,40211,Jefferson,Ohio River,"Louisville, KY",612.4,"Petroleum and Petroleum Products | Gasoline, Jet Fuel, Kerosene | Distillate,Residual & Other Fuel Oils; Lube Oil & Greases | Petroleum Pitches, Coke, Asphalt, Naptha and Solvents | Other Chemicals and Related Products",KIPDA,KIPDA ADD,5,Louisville,56,111,LUI,2,{16DCC4B4-9E94-4922-BFC2-414FBCF47002},,38.224722,-85.844167,KYTCGIS,2025/01/14 11:16:33.441+00,KYTCGIS,2025/01/14 11:16:33.441+00,6ab20699-8076-435d-879b-130511ee0a20
4369759.31034164,3824726.22825514,38,Bread House Inc,FleetingArea,Crap Shoot Drive,Largeville,OH,42420,McCreary,Kentucky River,"Henderson County Riverport, KY",808.3,"Food and Farm Products | Wheat | Corn | Oilseeds (Soybean, Flaxseed and Others) | Animal Feed, Grain Mill Products, Flour, Processed Grains",GRADD,GREEN RIVER ADD,2,Madisonville,51,101,XGD,2,{C3EDE95A-A534-42A0-BAB6-417D8BFE301D},,37.817222,-87.666111,KYTCGIS,2025/01/14 11:16:33.441+00,KYTCGIS,2025/01/14 11:16:33.441+00,479d03b4-6d4a-47bb-8ab7-2ea7501f6840
4161051.50400481,3556546.99624197,39,"Elf Atochem North America, Calvert City Equipment-Handling Dock.",Dock,4444 Industrial Parkway.,Calvert City,KY,42029,Marshall,"Tennessee River, TN, AL and KY", ,16.3,"All Manufactured Equipment, Machinery and Products",PUADD,PURCHASE ADD,1,Paducah,79,157,CCT,2,{4E87C481-6B6E-4EB9-B871-41DE0D7EDA4D},,37.061389,-88.355556,KYTCGIS,2025/01/14 11:16:33.441+00,KYTCGIS,2025/01/14 11:16:33.441+00,35910e0f-7cde-4c4b-92e1-ca3d85c200cb
4188172.20402838,3538601.27622798,40,KINDER MORGAN GRAND RIVER TERMINAL (COAL),Dock, ,GILBERTSVILLE,KY,42044,Livingston,"Tennessee River, TN, AL and KY", ,22,"Coal,Lignite & Coal Coke | Sand, Gravel, Stone, Rock, Limestone, Soil, Dredged Material",PEADD,PENNYRILE ADD,1,Paducah,70,139,CCT,2,{B0CA0EA3-DBFE-4295-9BDD-43AD03CBB08E},,37.012177,-88.25948,KYTCGIS,2025/01/14 11:16:33.441+00,KYTCGIS,2025/01/14 11:16:33.441+00,ecaa965b-061e-4d36-a1fa-87ca31ba3b03
4111538.88387014,3560142.20657122,41,National Maintenance & Repair Fleet 2,Fleeting Area, , ,KY, ,Livingston,Ohio River, ,930.3, ,PEADD,PENNYRILE ADD,1,Paducah,70,139, ,2,{5CFA9ACB-800A-4486-BA69-449FDD110D95},,37.067339,-88.525528,KYTCGIS,2025/01/14 11:16:33.441+00,KYTCGIS,2025/01/14 11:16:33.441+00,8f55a7de-b8db-49d2-b223-edb9f3ec446a
5822354.66433147,4060897.81037298,42,MARATHON PETROLEUM LLC MOORING,Fleeting Area,13th and Center Streets.,Catlettsburg,KY,41129,Boyd,Ohio River,Huntington - Tristate,318.3,"Gasoline, Jet Fuel, Kerosene | Distillate,Residual & Other Fuel Oils; Lube Oil & Greases | Petroleum Pitches, Coke, Asphalt, Naptha and Solvents | Petroleum Products NEC | Other Chemicals and Related Products",FIVCO,FIVCO ADD,9,Flemingsburg,10,19,CGK,2,{642F4A27-EDFD-4CD4-A82C-450B94550600},,38.433935,-82.603573,KYTCGIS,2025/01/14 11:16:33.441+00,KYTCGIS,2025/01/14 11:16:33.441+00,811ad588-6fd2-48b6-bfcc-5c62b34f3b9a
4404638.88592355,3856496.50887457,43,Covertop Fleet GRBS,Fleeting Area, , ,KY, ,Henderson,Ohio River,"Henderson County Riverport, KY",786.2, ,GRADD,GREEN RIVER ADD,2,Madisonville,51,101, ,2,{F2F4E32B-087E-4EBF-B9C4-472770EEE583},,37.900722,-87.540644,KYTCGIS,2025/01/14 11:16:33.441+00,KYTCGIS,2025/01/14 11:16:33.441+00,72c447bb-81b9-4149-887c-906df521a838
4406830.74636923,3856396.99430981,44,Camp Fleet GRBS (Dead Fleet),Fleeting Area, , ,KY, ,Henderson,Ohio River,"Henderson County Riverport, KY",785.9, ,GRADD,GREEN RIVER ADD,2,Madisonville,51,101, ,2,{2BF607B0-5687-4AC1-8222-478CCAD167BE},,37.900564,-87.533042,KYTCGIS,2025/01/14 11:16:33.441+00,KYTCGIS,2025/01/14 11:16:33.441+00,b0beedf0-760d-46b7-9fed-055d93e11b38
4120667.95452271,3542729.57965115,45,"TRINITY MARINE, SYNTECHNICS WHARF",Dock,700 Terrace Lane.,Reidland,KY, ,McCracken,"Tennessee River, TN, AL and KY","Paducah-McCracken County Riverport, KY",7.3,"Primary Non-Ferrous Metal Products;Fabricated Metal Prods. | All Manufactured Equipment, Machinery and Products",PUADD,PURCHASE ADD,1,Paducah,73,145,PAH,2,{07B40580-DDB7-4585-ABBA-4809968DFAA3},,37.020278,-88.4925,KYTCGIS,2025/01/14 11:16:33.441+00,KYTCGIS,2025/01/14 11:16:33.441+00,4c6d2172-2919-4396-a08b-a754a9d2994d
4531667.06132863,3809284.28013648,46,MISSOURI PORTLAND CEMENT CO,Dock,1215 East 2nd Street,Owensboro,KY,42303,Daviess,Ohio River,"Owensboro, KY",755.7,"Gasoline, Jet Fuel, Kerosene | Building Cement & Concrete; Lime; Glass",GRADD,GREEN RIVER ADD,2,Madisonville,30,59,OWB,2,{C411E44D-4C1B-47AB-88C0-4AF922A5E7F3},,37.776944,-87.098056,KYTCGIS,2025/01/14 11:16:33.441+00,KYTCGIS,2025/01/14 11:16:33.441+00,75464beb-8735-4b1a-9525-c0c9003939a4
4168922.22940506,3553798.65167306,47,WESTLAKE CORP  CALVERT CITY DOCK,Dock,Industrial Parkway.,Calvert City,KY,42029,Marshall,"Tennessee River, TN, AL and KY", ,17.8,"Coal,Lignite & Coal Coke | Distillate,Residual & Other Fuel Oils; Lube Oil & Greases | Petroleum Products NEC | Chemicals and Related Products | Other Chemicals and Related Products | Iron Ore and Iron & Steel Waste & Scrap | Sulphur (Dry), Clay & Salt",PUADD,PURCHASE ADD,1,Paducah,79,157,CCT,2,{80BD8A1F-32AA-4BDB-812F-4C688859C599},,37.054444,-88.328333,KYTCGIS,2025/01/14 11:16:33.441+00,KYTCGIS,2025/01/14 11:16:33.441+00,070d19bd-37a3-4161-9731-bc1b91b3cbaa
4189333.92644247,3539189.70549731,48,VULCAN MATERIALS CO  GILBERTSVILLE,Dock, ,GRAND RIVERS,KY,42045,Livingston,"Tennessee River, TN, AL and KY", ,22,"Coal,Lignite & Coal Coke | Sand, Gravel, Stone, Rock, Limestone, Soil, Dredged Material",PEADD,PENNYRILE ADD,1,Paducah,70,139,CCT,2,{20C00ABC-8C69-4F71-B24E-4C9D98E022E9},,37.014776,-88.256616,KYTCGIS,2025/01/14 11:16:33.441+00,KYTCGIS,2025/01/14 11:16:33.441+00,7dbd3cd7-d8e9-4c3e-91cf-f85b43f20bb6
4623861.61315964,3869912.96465315,49,NSA-SOUTHWIRE CO  HAWESVILLE KY,Dock,State Highway 271,Hawesville,KY, ,Hancock,Ohio River, ,727.3,"Coal,Lignite & Coal Coke | Petroleum Pitches, Coke, Asphalt, Naptha and Solvents | Other Chemicals and Related Products | Forest Products, Lumber, Logs, Woodchips | Non-Ferrous Ores and Scrap | Primary Iron and Steel Products (Ingots,Bars,Rods,etc.)",GRADD,GREEN RIVER ADD,2,Madisonville,46,91,HZZ,2,{9D1E4329-088F-4EA9-93B3-4E0AE0FBCB4B},,37.946667,-86.781389,KYTCGIS,2025/01/14 11:16:33.441+00,KYTCGIS,2025/01/14 11:16:33.441+00,35c1a358-d953-4e6e-b852-f84389d1bfe8
4931444.9927423,3987657.0588889,50,"River Road Terminal, Lower Wharf.",Dock,2611 Upper River Road,Louisville,KY,40206,Jefferson,Ohio River,"Louisville, KY",601,"Coal,Lignite & Coal Coke | Fertilizers | Sulphur (Dry), Clay & Salt | Primary Iron and Steel Products (Ingots,Bars,Rods,etc.)",KIPDA,KIPDA ADD,5,Louisville,56,111,LUI,2,{152600F2-C9F6-4E8F-B008-4E0BFA8B83F4},,38.276944,-85.709167,KYTCGIS,2025/01/14 11:16:33.441+00,KYTCGIS,2025/01/14 11:16:33.441+00,c697ea46-8dd9-4070-a03c-ba0db45ac1d0
4094167.16500472,3562443.3128614,51,"Itapco-Paducah Terminal, Riverway Upper Wharf.",Dock,233 Elizabeth Street.,Paducah,KY,42003,McCracken,"Tennessee River, TN, AL and KY","Paducah-McCracken County Riverport, KY",1.3,Petroleum and Petroleum Products,PUADD,PURCHASE ADD,1,Paducah,73,145,PAH,2,{D01EB091-50D5-4ED0-9242-4FC2A428E222},,37.072222,-88.585278,KYTCGIS,2025/01/14 11:16:33.441+00,KYTCGIS,2025/01/14 11:16:33.441+00,a7f3d01b-3c3d-4d39-8225-2c9c4030cc06
4415118.37447897,3762857.7742364,52,"Big Rivers Electric Corp., Robert Reid Plant Wharf.",Dock,State Highway 2097,Sebree,KY, ,McLean,"Green and Barren Rivers, KY", ,41.2,"Coal,Lignite & Coal Coke",GRADD,GREEN RIVER ADD,2,Madisonville,75,149,YSB,2,{02951A17-A9B5-4922-9059-5109CC094DAD},,37.647778,-87.487222,KYTCGIS,2025/01/14 11:16:33.441+00,KYTCGIS,2025/01/14 11:16:33.441+00,5e4ba26b-8192-4883-9cde-9333dcfb57e1
5823740.59331813,4057258.60308447,53,"Merdie Boggs & Sons, Catlettsburg Wharf.",Dock,1900 Center Street,Catlettsburg,KY,41129,Boyd,Ohio River,Huntington - Tristate,317.6, ,FIVCO,FIVCO ADD,9,Flemingsburg,10,19,CGK,2,{1CFBF9A3-F9E1-477F-BAC6-5222D8D6DAF3},,38.423889,-82.6,KYTCGIS,2025/01/14 11:16:33.441+00,KYTCGIS,2025/01/14 11:16:33.441+00,adbcfbf3-ec22-430e-a773-192bf0dad107
3904828.3865308,3385409.94908106,54,RIVERFRONT LIMESTONE,Dock,4794 Kendall Road.,Hickman,KY,42050,Fulton,"Mississippi River, Mouth of Ohio River to Baton Rouge, LA","Elvis Stahr Harbor, KY",922, ,PUADD,PURCHASE ADD,1,Paducah,38,75,HM3,2,{ABA8FAB5-0DA2-4948-8F03-525AA48A5E39},,36.568756,-89.211297,KYTCGIS,2025/01/14 11:16:33.441+00,KYTCGIS,2025/01/14 11:16:33.441+00,fdaeddc3-e1bc-47dd-94cd-010cbbf504fe
4096857.23934898,3560236.89535822,55,"INGRAM PADUCAH, SAND YARD DOCK",Dock,2445 S. Fourth Street.,Paducah,KY,42003,McCracken,"Tennessee River, TN, AL and KY","Paducah-McCracken County Riverport, KY",2,"Coal,Lignite & Coal Coke | Distillate,Residual & Other Fuel Oils; Lube Oil & Greases | Fertilizers | Sand, Gravel, Stone, Rock, Limestone, Soil, Dredged Material | Wheat | Corn | Oilseeds (Soybean, Flaxseed and Others) | Animal Feed, Grain Mill Products,",PUADD,PURCHASE ADD,1,Paducah,73,145,PAH,2,{194E684F-0544-4039-8DF3-55B4EFA39BBE},,37.066389,-88.575833,KYTCGIS,2025/01/14 11:16:33.441+00,KYTCGIS,2025/01/14 11:16:33.441+00,1caff5f8-95bd-4dc7-853f-1bc9eafdb018
4919713.75997122,3982030.28536557,56,LOUISVILLE MUNICIPAL WHARF,Dock,401 West River Road,Louisville,KY,40202,Jefferson,Ohio River,"Louisville, KY",603.8,"Sand, Gravel, Stone, Rock, Limestone, Soil, Dredged Material",KIPDA,KIPDA ADD,5,Louisville,56,111,LUI,2,{A99DEA50-833B-4A9C-99AE-565A62167076},,38.258889,-85.753889,KYTCGIS,2025/01/14 11:16:33.441+00,KYTCGIS,2025/01/14 11:16:33.441+00,992657ae-8997-45d4-b0e6-bddea8cebf29
4891085.23619163,3966096.92156306,57,"ROHM & HAAS KENTUCKY, INC.",Dock,4500 Camp Ground Road,Louisville,KY,40216,Jefferson,Ohio River,"Louisville, KY",613.5,Chemicals and Related Products | Other Chemicals and Related Products,KIPDA,KIPDA ADD,5,Louisville,56,111,LUI,2,{7FC6A6D6-6BF1-4143-B2E0-573ED5C861A3},,38.215278,-85.855,KYTCGIS,2025/01/14 11:16:33.441+00,KYTCGIS,2025/01/14 11:16:33.441+00,fa1d8f23-a4c9-4961-bf0f-e2c3b31514b3
4092951.2012293,3565111.07458623,58,"Paducah River Service, Walker's Midstream Fuel Dock.",Dock,Foot of Jackson Street.,Paducah,KY,42003,McCracken,"Tennessee River, TN, AL and KY","Paducah-McCracken County Riverport, KY",0.5, ,PUADD,PURCHASE ADD,1,Paducah,73,145,PAH,2,{8295066E-5B26-47FA-B7C1-58CB35B47D20},,37.079444,-88.589722,KYTCGIS,2025/01/14 11:16:33.441+00,KYTCGIS,2025/01/14 11:16:33.441+00,5d793944-c37c-4739-ac32-8bbc1826fa7c
4925796.32654622,3983680.35850897,59,RIVERWAY LOUISVILLE TERMINAL CO.,Dock, ,LOUISVILLE,KY,40206,Jefferson,Ohio River,"Louisville, KY",603,"Coal,Lignite & Coal Coke | Petroleum Pitches, Coke, Asphalt, Naptha and Solvents | Fertilizers | Iron Ore and Iron & Steel Waste & Scrap | Sulphur (Dry), Clay & Salt | Slag | Primary Iron and Steel Products (Ingots,Bars,Rods,etc.) | Animal Feed, Grain Mi",KIPDA,KIPDA ADD,5,Louisville,56,111,LUI,2,{636145DE-C43E-4094-AFAA-5D621BFC1E2E},,38.26361,-85.73417,KYTCGIS,2025/01/14 11:16:33.441+00,KYTCGIS,2025/01/14 11:16:33.441+00,ba8a0d99-2c9e-41bf-85d3-d087ca9dbbb3
4096059.30721781,3560665.78262381,60,"Itapco-Paducah Terminal, Igert Wharf.",Dock,2300 Meyers Street.,Paducah,KY,42003,McCracken,"Tennessee River, TN, AL and KY","Paducah-McCracken County Riverport, KY",1.8,Petroleum and Petroleum Products,PUADD,PURCHASE ADD,1,Paducah,73,145,PAH,2,{F42155B5-DA89-481D-8E14-5E45E5B1A3F8},,37.0675,-88.578611,KYTCGIS,2025/01/14 11:16:33.441+00,KYTCGIS,2025/01/14 11:16:33.441+00,e52f06e5-abed-4eb5-93d2-7190b5dedcaa
4529146.23074038,3679119.40070298,61,"ARMSTRONG COAL CO., INC.",Dock, ,Kirtley,KY, ,Ohio,"Green and Barren Rivers, KY", ,76.7,"Coal,Lignite & Coal Coke",GRADD,GREEN RIVER ADD,2,Madisonville,92,183,CUK,2,{DF5F7B78-9BEB-421E-87F2-5E773F89959D},,37.419167,-87.100556,KYTCGIS,2025/01/14 11:16:33.441+00,KYTCGIS,2025/01/14 11:16:33.441+00,d3f3f88c-cd13-4fc1-a87b-3fd7c771ae31
4288352.8734173,3812582.12557489,62,WABASH ELEVATOR CO,Dock,Foot of State Highway 130,Uniontown,KY,42461,Union,Ohio River, ,842.6,"Food and Farm Products | Wheat | Corn | Oilseeds (Soybean, Flaxseed and Others) | Animal Feed, Grain Mill Products, Flour, Processed Grains",GRADD,GREEN RIVER ADD,2,Madisonville,113,225,UT2,2,{6AAE5E07-62F5-409B-831A-62FA903F9C4A},,37.773333,-87.94,KYTCGIS,2025/01/14 11:16:33.441+00,KYTCGIS,2025/01/14 11:16:33.441+00,354db6b2-8397-436e-b3f1-121f153f66f3
5015219.89605831,4101243.4517944,63,LOUISVILLE GAS & ELEC,Dock, ,BEDFORD,KY,40006,Trimble,Ohio River,"Cincinnati-Northern KY, Ports of",572,"Coal,Lignite & Coal Coke | Sand, Gravel, Stone, Rock, Limestone, Soil, Dredged Material | All Manufactured Equipment, Machinery and Products",KIPDA,KIPDA ADD,5,Louisville,112,223,VBD,2,{1ADCDDF6-A768-455E-9B8E-67BD8D760E36},,38.581558,-85.41769,KYTCGIS,2025/01/14 11:16:33.441+00,KYTCGIS,2025/01/14 11:16:33.441+00,d3efa8fe-1644-4218-90a9-63c8e19b7d29
4768213.79066205,3915232.6938954,64,KOSMOS CEMENT CO  BATTLETOWN,Dock,Rock Quarry Road,Battletown,KY,40104,Meade,Ohio River, ,654,"Sand, Gravel, Stone, Rock, Limestone, Soil, Dredged Material",LTADD,LINCOLN TRAIL ADD,4,Elizabethtown,82,163,BNR,2,{12A466E0-8A70-4B11-A9E2-695C35AD370A},,38.074444,-86.281667,KYTCGIS,2025/01/14 11:16:33.441+00,KYTCGIS,2025/01/14 11:16:33.441+00,8079f34e-98b1-4434-86c4-cf4e55726d43
4249375.88050531,3725456.6659679,65,PYRO MINING CO,Dock,State Highway 1508,Caseyville,KY, ,Union,Ohio River, ,871.3,"Coal,Lignite & Coal Coke | All Manufactured Equipment, Machinery and Products",GRADD,GREEN RIVER ADD,2,Madisonville,113,225,TUG,2,{6DB35D1F-1AE8-4A01-AFD8-6A60141152DF},,37.532222,-88.067222,KYTCGIS,2025/01/14 11:16:33.441+00,KYTCGIS,2025/01/14 11:16:33.441+00,53eda808-e514-41d5-9c69-af75d4689ddb
5110302.62846464,4153528.38396972,66,WATCO TERMINAL & PORT SERVICES,Dock, ,GHENT,KY,41045,Carroll,Ohio River,"Cincinnati-Northern KY, Ports of",539,"Crude Petroleum | Sand, Gravel, Stone, Rock, Limestone, Soil, Dredged Material | Iron Ore and Iron & Steel Waste & Scrap | Non-Ferrous Ores and Scrap | Slag | Other Non-Metal. Min. | Primary Iron and Steel Products (Ingots,Bars,Rods,etc.) | Primary Non-F",NKADD,NORTHERN KENTUCKY ADD,6,Covington,21,41,GHE,2,{039D48B5-204E-4AB3-BFD2-6B67173A808C},,38.72009,-85.09639,KYTCGIS,2025/01/14 11:16:33.441+00,KYTCGIS,2025/01/14 11:16:33.441+00,f26a09e8-5aa0-4cc8-8a40-a1a091d3c6d9
4421012.76328072,3856491.00002731,67,Repair Dock,Fleeting Area, , ,KY, ,Henderson,"Green and Barren Rivers, KY","Henderson County Riverport, KY",1.3, ,GRADD,GREEN RIVER ADD,2,Madisonville,51,101, ,2,{8C83F08E-D0FE-4D74-BE09-6E43DF80317F},,37.901556,-87.483903,KYTCGIS,2025/01/14 11:16:33.441+00,KYTCGIS,2025/01/14 11:16:33.441+00,228d32d4-d2a9-4e94-9abb-456e8150fcef
4243129.90743297,3554277.31869473,68,"Port Authority of Lyon County, Upper Dock.",Dock, ,Eddyville,KY,42038,Lyon,"Cumberland River, Mouth to Nashville, TN", ,43,"Coal,Lignite & Coal Coke | Sand, Gravel, Stone, Rock, Limestone, Soil, Dredged Material | Food and Farm Products",PEADD,PENNYRILE ADD,1,Paducah,72,143,EDV,2,{85C16C5C-BC9E-4567-B395-706C2783508C},,37.058611,-88.076944,KYTCGIS,2025/01/14 11:16:33.441+00,KYTCGIS,2025/01/14 11:16:33.441+00,83bf7f7a-f0f4-4574-acb8-42a955604653
5260409.29445805,4288109.39466281,69,McGinnis Cincinnati Cleaning Dock,Dock, ,Ludlow,KY,41016,Kenton,Ohio River,"Cincinnati-Northern KY, Ports of",473.2, ,NKADD,NORTHERN KENTUCKY ADD,6,Covington,59,117,LLW,2,{6F867DC8-826F-4D14-8BB4-71D4A9238E0B},,39.093517,-84.5552,KYTCGIS,2025/01/14 11:16:33.441+00,KYTCGIS,2025/01/14 11:16:33.441+00,c9f926b0-259b-4384-9650-356dc0aa172d
4764629.58359164,3945038.41348331,70,HILLTOP BIG BEND QUARRY,Dock,1994 Paradise Bottom Road,BATTLETOWN,KY,40104,Meade,Ohio River, ,660.4,"Coal,Lignite & Coal Coke | Sand, Gravel, Stone, Rock, Limestone, Soil, Dredged Material",LTADD,LINCOLN TRAIL ADD,4,Elizabethtown,82,163,BNR,2,{0B00DA5B-7F56-4769-B696-74D95F8D8328},,38.156239,-86.294723,KYTCGIS,2025/01/14 11:16:33.441+00,KYTCGIS,2025/01/14 11:16:33.441+00,34496e4a-f8f4-4716-8a7d-5a36be5657e6
4546392.3396208,3826454.71167481,71,"YELLOW BANKS RIVER TERMINAL, LLC",Dock,"6133 U.S. Highway 60, East",Owensboro,KY,42303,Daviess,Ohio River, ,751.5,"Coal,Lignite & Coal Coke | Petroleum Pitches, Coke, Asphalt, Naptha and Solvents | Fertilizers | Forest Products, Lumber, Logs, Woodchips | Sand, Gravel, Stone, Rock, Limestone, Soil, Dredged Material | Iron Ore and Iron & Steel Waste & Scrap | Sulphur (",GRADD,GREEN RIVER ADD,2,Madisonville,30,59,OWB,2,{4E672DEE-38F7-4CD4-AF78-75D55EB93DDD},,37.823889,-87.047778,KYTCGIS,2025/01/14 11:16:33.441+00,KYTCGIS,2025/01/14 11:16:33.441+00,5f773fc2-b18b-470f-9438-cc44c551d262
5763534.53394046,4105620.05327739,72,DEBBIE JO DOCK INC,Dock,2225 Ashland Road,Wurtland,KY, ,Greenup,Ohio River,Huntington - Tristate,334,"Coal,Lignite & Coal Coke | Sand, Gravel, Stone, Rock, Limestone, Soil, Dredged Material",FIVCO,FIVCO ADD,9,Flemingsburg,45,89,WUR,2,{BA976184-D1EB-41A9-853C-75DD73E5CABB},,38.561944,-82.803889,KYTCGIS,2025/01/14 11:16:33.441+00,KYTCGIS,2025/01/14 11:16:33.441+00,808fb50c-282a-4983-bffa-f31e9f59b2c4
5724858.52369422,4170620.03712231,73,MARK WEST HYDROCARBON PARTNERS LTD,Dock,U.S. Highway 23.,South Shore,KY,41175,Greenup,Ohio River,Huntington - Tristate,351.6,"Gasoline, Jet Fuel, Kerosene | Distillate,Residual & Other Fuel Oils; Lube Oil & Greases | Petroleum Products NEC",FIVCO,FIVCO ADD,9,Flemingsburg,45,89,SSH,2,{44DD9E8C-1E9F-497E-ABD8-765C2F8E0DE2},,38.743611,-82.932222,KYTCGIS,2025/01/14 11:16:33.441+00,KYTCGIS,2025/01/14 11:16:33.441+00,115b92b5-ddb2-4450-ad50-ad547c54a82a
4400832.34465213,3857561.14683715,74,Kentucky Fleet,Fleeting Area, , ,KY, ,Henderson,Ohio River,"Henderson County Riverport, KY",787.1, ,GRADD,GREEN RIVER ADD,2,Madisonville,51,101, ,2,{B1924EFB-6D5F-41BC-ACA1-785B8F280460},,37.903444,-87.553906,KYTCGIS,2025/01/14 11:16:33.441+00,KYTCGIS,2025/01/14 11:16:33.441+00,cfc87815-2d93-4101-95c5-f1f5448af8f2
4104113.87411389,3556172.83950998,75,JIMAR PAVING PADUCAH WHARF,Dock,4100 Clarks River Road.,Paducah,KY,42003,McCracken,"Tennessee River, TN, AL and KY","Paducah-McCracken County Riverport, KY",3.8,"Sand, Gravel, Stone, Rock, Limestone, Soil, Dredged Material",PUADD,PURCHASE ADD,1,Paducah,73,145,PAH,2,{1B2E9D37-C41E-4AEB-8661-79FC1E0EEA88},,37.055833,-88.550556,KYTCGIS,2025/01/14 11:16:33.441+00,KYTCGIS,2025/01/14 11:16:33.441+00,54003c01-f312-4faa-b12a-720d43131d09
3903480.00372888,3385002.35147107,76,"BUNGE CORP., HICKMAN GRAIN ELEVATOR DOCK",Dock,220 Mengel Street.,Hickman,KY,42050,Fulton,"Mississippi River, Mouth of Ohio River to Baton Rouge, LA","Elvis Stahr Harbor, KY",921.3,"Fertilizers | Food and Farm Products | Wheat | Corn | Barley, Rye, Oats, Rice and Sorghum Grains | Oilseeds (Soybean, Flaxseed and Others)",PUADD,PURCHASE ADD,1,Paducah,38,75,HM3,2,{DADCB3F4-CD3A-49D3-9E6F-7A3A2BA2CD99},,36.5675,-89.215833,KYTCGIS,2025/01/14 11:16:33.441+00,KYTCGIS,2025/01/14 11:16:33.441+00,26acc769-945a-4217-b3ad-5acc2ef44429
5277660.83016489,4273451.8239124,77,WILDER TERMINAL,Dock,524 Licking Pike.,Wilder,KY, ,Campbell,"Licking River, KY","Cincinnati-Northern KY, Ports of",3,"All Manufactured Equipment, Machinery and Products",NKADD,NORTHERN KENTUCKY ADD,6,Covington,19,37,WII,2,{6B7B259D-3F9E-46BD-89D9-7A9BD27086D3},,39.052661,-84.495127,KYTCGIS,2025/01/14 11:16:33.441+00,KYTCGIS,2025/01/14 11:16:33.441+00,214c09b8-42ea-47a6-8756-e8d1f0d3aa72
4562926.89021306,3623544.82025132,78,P AND M MINING CO PARADISE KY,Dock,State Highway 176,BEAVER DAM,KY,42320,Muhlenberg,"Green and Barren Rivers, KY", ,99,"Coal,Lignite & Coal Coke | Sand, Gravel, Stone, Rock, Limestone, Soil, Dredged Material",PEADD,PENNYRILE ADD,2,Madisonville,89,183,BD3,2,{9DFE89E4-20E2-4C08-BB39-7AD50B2BAA52},,37.279924,-86.982797,KYTCGIS,2025/01/14 11:16:33.441+00,KYTCGIS,2025/01/14 11:16:33.441+00,69c2f50d-6a00-4bf9-a461-1cbf9cef268f
5178071.11891164,4217226.83268806,79,CINCINNATI GAS & ELEC CO,Dock, ,BURLINGTON,KY,41005,Boone,Ohio River,"Cincinnati-Northern KY, Ports of",511,"Coal,Lignite & Coal Coke | Sand, Gravel, Stone, Rock, Limestone, Soil, Dredged Material | Building Cement & Concrete; Lime; Glass | Primary Iron and Steel Products (Ingots,Bars,Rods,etc.)",NKADD,NORTHERN KENTUCKY ADD,6,Covington,8,15,BHJ,2,{84D16779-7475-442B-A0A9-7C156F92BC3B},,38.90083,-84.83778,KYTCGIS,2025/01/14 11:16:33.441+00,KYTCGIS,2025/01/14 11:16:33.441+00,dae96d34-f68b-42a2-9941-163872912326
4097654.90474838,3559808.0405729,80,"HUTSON, PADUCAH  DOCK",Dock,110 Locust Drive.,Paducah,KY,42003,McCracken,"Tennessee River, TN, AL and KY","Paducah-McCracken County Riverport, KY",2.1,"Fertilizers | Food and Farm Products | Wheat | Corn | Oilseeds (Soybean, Flaxseed and Others)",PUADD,PURCHASE ADD,1,Paducah,73,145,PAH,2,{A34F1C21-1996-4541-BB73-7C20979E1D57},,37.065278,-88.573056,KYTCGIS,2025/01/14 11:16:33.441+00,KYTCGIS,2025/01/14 11:16:33.441+00,a1b4f19a-0b02-4c36-b84d-050a9b0c6204
4873782.12676905,3900496.51372214,81,"Kosmos Cement Co., Stone Dock.",Dock,15301 Dixie Highway,Kosmosdale,KY, ,Jefferson,Ohio River, ,627.6,"Sand, Gravel, Stone, Rock, Limestone, Soil, Dredged Material",KIPDA,KIPDA ADD,5,Louisville,56,111,LUI,2,{D27D3888-134F-490B-BBAD-7DE74E641136},,38.035,-85.914444,KYTCGIS,2025/01/14 11:16:33.441+00,KYTCGIS,2025/01/14 11:16:33.441+00,49cf3143-3f2e-4577-972b-ce401982b3b3
4880373.90722063,3954579.73823264,82,LOU GAS AND ELEC  CANE RUN,Dock,5252 Cane Run Road,Louisville,KY,40258,Jefferson,Ohio River, ,616.8,"Petroleum Pitches, Coke, Asphalt, Naptha and Solvents | Chemicals and Related Products",KIPDA,KIPDA ADD,5,Louisville,56,111,LUI,2,{CB8E3A1E-D2FA-4579-960E-7F48734EF89E},,38.183611,-85.892222,KYTCGIS,2025/01/14 11:16:33.441+00,KYTCGIS,2025/01/14 11:16:33.441+00,e17623cd-305b-4a00-aa4f-f949a02df131
4245041.33504055,3731278.88562265,83,DEKOVEN DOCK INC,Dock,State Highway 1508,DeKoven,KY, ,Union,Ohio River, ,870.1,"Coal,Lignite & Coal Coke | Fertilizers | Sand, Gravel, Stone, Rock, Limestone, Soil, Dredged Material | Food and Farm Products",GRADD,GREEN RIVER ADD,2,Madisonville,113,225,TUG,2,{D6CE70A8-4128-4F5C-9536-802DD6E81505},,37.547222,-88.082778,KYTCGIS,2025/01/14 11:16:33.441+00,KYTCGIS,2025/01/14 11:16:33.441+00,b550c51a-8a04-43a9-bd20-fd19e25e1a9c
4932215.88162047,3988222.82088073,84,WATCO,Dock,2611 Ruver Road,LOUISVILLE,KY,40206,Jefferson,Ohio River,"Louisville, KY",601,"Coal,Lignite & Coal Coke | Petroleum Pitches, Coke, Asphalt, Naptha and Solvents | Petroleum Products NEC | Fertilizers | Forest Products, Lumber, Logs, Woodchips | Sand, Gravel, Stone, Rock, Limestone, Soil, Dredged Material | Iron Ore and Iron & Steel",KIPDA,KIPDA ADD,5,Louisville,56,111,LUI,2,{C9ACD63C-8055-4DE2-A894-83E3C6C4A496},,38.276054,-85.708372,KYTCGIS,2025/01/14 11:16:33.441+00,KYTCGIS,2025/01/14 11:16:33.441+00,58dddf9c-740b-4afe-be21-6062c5a5e32d
4517987.96893622,3702730.48340198,85,BUNGE CORP,Dock,U.S. Highway 431,Livermore,KY, ,McLean,"Green and Barren Rivers, KY", ,71.1,"Food and Farm Products | Wheat | Corn | Oilseeds (Soybean, Flaxseed and Others)",GRADD,GREEN RIVER ADD,2,Madisonville,75,149,CUK,2,{039A2ACC-06FC-4BAD-B0D2-84A004AE6F10},,37.484444,-87.138611,KYTCGIS,2025/01/14 11:16:33.441+00,KYTCGIS,2025/01/14 11:16:33.441+00,1e60aea0-a04d-4c7c-97a4-e9a0b0c56021
4154824.37046172,3603023.50433864,86,THREE RIVERS QUARRY,Dock,"P. O. Box 218, Smithland.",Smithland,KY, ,Livingston,"Cumberland River, Mouth to Nashville, TN", ,7.5,"Coal,Lignite & Coal Coke | Petroleum Pitches, Coke, Asphalt, Naptha and Solvents | Sand, Gravel, Stone, Rock, Limestone, Soil, Dredged Material | Primary Iron and Steel Products (Ingots,Bars,Rods,etc.) | All Manufactured Equipment, Machinery and Products",PEADD,PENNYRILE ADD,1,Paducah,70,139,PAH,2,{99925232-8522-4820-B32C-855A03A6686D},,37.190833,-88.381389,KYTCGIS,2025/01/14 11:16:33.441+00,KYTCGIS,2025/01/14 11:16:33.441+00,003e04f4-7dfa-4e22-9eee-a8488a332a51
4529311.15626356,3809150.7777788,87,"Owensboro Grain Co., Owensboro Lower Dock.",Dock,108 Crittenden Street,Owensboro,KY,42303,Daviess,Ohio River,"Owensboro, KY",756.2,Food and Farm Products,GRADD,GREEN RIVER ADD,2,Madisonville,30,59,OWB,2,{7B0E3112-8E9B-4547-9937-8788B5F4FF58},,37.776111,-87.1075,KYTCGIS,2025/01/14 11:16:33.441+00,KYTCGIS,2025/01/14 11:16:33.441+00,25c79b0b-2dab-48a8-a217-fdd73dd26efb
4229106.93613514,3431782.06270148,88,"HUTSON CO., PORT OF MURRAY FERTILIZER DOCK",Dock, ,Murray,KY,42071,Calloway,"Tennessee River, TN, AL and KY", ,45.3,"Fertilizers | Wheat | Corn | Oilseeds (Soybean, Flaxseed and Others) | Unknown or Not Elsewhere Classified",PUADD,PURCHASE ADD,1,Paducah,18,35,CEY,2,{7709125E-F253-486F-A6D5-8B079FD491E1},,36.723611,-88.111111,KYTCGIS,2025/01/14 11:16:33.441+00,KYTCGIS,2025/01/14 11:16:33.441+00,73673697-606a-4f3a-a2d4-bb9a1907a58a
4386635.07777114,3832609.37784314,89,DELTA MATERIALS DBA HENDERSON CO. SAND DOCK,Dock,300 Towles Street.,Henderson,KY,42420,Henderson,Ohio River,"Henderson County Riverport, KY",804.7,"Sand, Gravel, Stone, Rock, Limestone, Soil, Dredged Material",GRADD,GREEN RIVER ADD,2,Madisonville,51,101,XGD,2,{1DC63C74-215D-4A6E-A3B2-91F323D59F81},,37.834167,-87.601389,KYTCGIS,2025/01/14 11:16:33.441+00,KYTCGIS,2025/01/14 11:16:33.441+00,7b9c9094-0211-4bcb-a9dc-29db4bf44af6
4421243.44556214,3856481.61585973,90,Crounse Fuel Dock,Fleeting Area, , ,KY, ,Henderson,"Green and Barren Rivers Lock and Dam No 1 Spottsville, KY","Henderson County Riverport, KY",1.3, ,GRADD,GREEN RIVER ADD,2,Madisonville,51,101, ,2,{B2F091AC-42B2-423C-9D38-950EE69049E7},,37.901542,-87.483103,KYTCGIS,2025/01/14 11:16:33.441+00,KYTCGIS,2025/01/14 11:16:33.441+00,f824ad00-ce8c-46d8-a521-009d36c42e12
3944257.46548089,3527233.83833298,91,"TRAYLOR BROTHERS, LOADING DOCK AND FLEET MOORING",Dock,209 Westvaco Road.,Wickliffe,KY,42087,Ballard,"Mississippi River, Mouth of Ohio River to Baton Rouge, LA", ,951.2,"All Manufactured Equipment, Machinery and Products",PUADD,PURCHASE ADD,1,Paducah,4,7,WKY,2,{2624472F-22C4-4E67-A8E5-98DA6FAA7C7A},,36.961944,-89.094444,KYTCGIS,2025/01/14 11:16:33.441+00,KYTCGIS,2025/01/14 11:16:33.441+00,ff4f80f6-32e6-4028-9a05-a4972d21cdb7
4424658.42987388,3856593.57626572,92,CROUNSE FLEETING AREA,Fleeting Area, ,HENDERSON,KY,42420,Henderson,"Green and Barren Rivers, KY","Henderson County Riverport, KY",2,"Coal,Lignite & Coal Coke",GRADD,GREEN RIVER ADD,2,Madisonville,51,101,XGD,2,{9F7836C1-9143-4F04-A4C7-9D7F5EC0B177},,37.902023,-87.471276,KYTCGIS,2025/01/14 11:16:33.441+00,KYTCGIS,2025/01/14 11:16:33.441+00,b7fec862-7931-408e-bef2-5c5210359503
5516034.52762914,4121309.27058657,93,"CARMEUSE LIME, MAYSVILLE OPERATION",Dock,Springdale Road,MAYSVILLE,KY,41056,Mason,Ohio River,"Cincinnati-Northern KY, Ports of",403,"Coal,Lignite & Coal Coke | Sand, Gravel, Stone, Rock, Limestone, Soil, Dredged Material | Iron Ore and Iron & Steel Waste & Scrap | Building Cement & Concrete; Lime; Glass | Primary Iron and Steel Products (Ingots,Bars,Rods,etc.)",BTADD,BUFFALO TRACE ADD,9,Flemingsburg,81,161,MVU,2,{727DCD62-6BC9-429B-BD9E-A0A0CCF374E6},,38.62028,-83.66833,KYTCGIS,2025/01/14 11:16:33.441+00,KYTCGIS,2025/01/14 11:16:33.441+00,6762e29b-058d-4b44-87c6-a95361113fbf
4093702.84801997,3563165.93871273,94,"Itapco-Paducah Terminal, Riverway Lower Wharf.",Dock,233 Elizabeth Street.,Paducah,KY,42003,McCracken,"Tennessee River, TN, AL and KY","Paducah-McCracken County Riverport, KY",1.1,Petroleum and Petroleum Products,PUADD,PURCHASE ADD,1,Paducah,73,145,PAH,2,{3587BFAD-09A7-4C48-9D66-A2614AB0C2AE},,37.074167,-88.586944,KYTCGIS,2025/01/14 11:16:33.441+00,KYTCGIS,2025/01/14 11:16:33.441+00,1fb13a1b-81b1-4770-ba43-e4059251cb86
5821781.68614672,4062884.38415572,95,"R&D ASOCIATES, INC.",Dock, ,Catlettsburg,KY,41129,Boyd,Ohio River,Huntington - Tristate,318.7,"Coal,Lignite & Coal Coke",FIVCO,FIVCO ADD,9,Flemingsburg,10,19,CGK,2,{D87A2B20-CFA9-4CD9-86F7-A33A82457823},,38.438611,-82.605556,KYTCGIS,2025/01/14 11:16:33.441+00,KYTCGIS,2025/01/14 11:16:33.441+00,0d77d063-b93f-49fd-baad-750a94bbb605
5799779.10351156,4089294.18927564,96,"Armco Steel Co., Ashland Works Barge Dock.",Dock,West Winchester Avenue.,Ashland,KY,41101,Greenup,Ohio River,Huntington - Tristate,325.7,"Sand, Gravel, Stone, Rock, Limestone, Soil, Dredged Material | Iron Ore and Iron & Steel Waste & Scrap",FIVCO,FIVCO ADD,9,Flemingsburg,45,89,ANL,2,{0F6BEF0D-E3EA-43B6-9CD6-A3C9DAA7C14D},,38.513611,-82.678889,KYTCGIS,2025/01/14 11:16:33.441+00,KYTCGIS,2025/01/14 11:16:33.441+00,4ee9070b-9293-4eab-b8ce-a6eba92f75a9
4108710.65789931,3550565.83563215,97,"Paducah River Service, Repair Dock.",Dock,4540 Clarks River Road.,Reidland,KY, ,McCracken,"Tennessee River, TN, AL and KY","Paducah-McCracken County Riverport, KY",4.7,"Primary Non-Ferrous Metal Products;Fabricated Metal Prods.",PUADD,PURCHASE ADD,1,Paducah,73,145,PAH,2,{832C3E82-35B3-4090-8225-A3E055E6D042},,37.039444,-88.533056,KYTCGIS,2025/01/14 11:16:33.441+00,KYTCGIS,2025/01/14 11:16:33.441+00,3edb87a5-1cde-46f1-b804-b5429f834996
4530737.04022281,3809128.84048672,98,"Owensboro Grain Co., Owensboro Upper Dock.",Dock,719 East 2nd Street,Owensboro,KY,42303,Daviess,Ohio River,"Owensboro, KY",755.8,"Food and Farm Products | Other Agricultural Products; Food and Kindred Products",GRADD,GREEN RIVER ADD,2,Madisonville,30,59,OWB,2,{BBB177A8-DE0E-46DE-BFCE-A46AC8CD1C92},,37.776389,-87.101111,KYTCGIS,2025/01/14 11:16:33.441+00,KYTCGIS,2025/01/14 11:16:33.441+00,518ceecd-2b48-48bf-9a36-f5e7b77bf3bd
5277212.62961772,4274294.98823656,99,LICKING RIVER TERM  WILDER KY,Dock,500 Licking Pike.,Wilder,KY, ,Campbell,"Licking River, KY","Cincinnati-Northern KY, Ports of",2.8,"Coal,Lignite & Coal Coke",NKADD,NORTHERN KENTUCKY ADD,6,Covington,19,37,WII,2,{D0C4D089-BF29-47F6-AD73-A661DFC71C87},,39.054992,-84.496665,KYTCGIS,2025/01/14 11:16:33.441+00,KYTCGIS,2025/01/14 11:16:33.441+00,e2e93c06-ad35-4ab1-abb6-1a66473a1678
3904322.53682072,3385290.98737673,100,"WEPFER MARINE, HICKMAN DOCK AND FLEET MOORING",Dock,4794 Kendall Road.,Hickman,KY,42050,Fulton,"Mississippi River, Mouth of Ohio River to Baton Rouge, LA","Elvis Stahr Harbor, KY",921.9,"Wheat | Corn | Oilseeds (Soybean, Flaxseed and Others)",PUADD,PURCHASE ADD,1,Paducah,38,75,HM3,2,{5B2B4EBE-5AE2-47D0-A82E-A82742343840},,36.568378,-89.213003,KYTCGIS,2025/01/14 11:16:33.441+00,KYTCGIS,2025/01/14 11:16:33.441+00,834a2f66-291f-42ca-a283-abebb01645f4
4417890.65994489,3856488.37732914,101,"OHIO VALLEY MARINE SERVICE, INC.",Dock,Green River Road,Spottsville,KY, ,Henderson,"Green and Barren Rivers, KY","Henderson County Riverport, KY",0.5,"Coal,Lignite & Coal Coke | Petroleum Pitches, Coke, Asphalt, Naptha and Solvents | Sand, Gravel, Stone, Rock, Limestone, Soil, Dredged Material | Oilseeds (Soybean, Flaxseed and Others) | Animal Feed, Grain Mill Products, Flour, Processed Grains",GRADD,GREEN RIVER ADD,2,Madisonville,51,101,XGD,2,{A3371D60-5CC0-4A99-AB39-AC01D8AE80FE},,37.901389,-87.494722,KYTCGIS,2025/01/14 11:16:33.441+00,KYTCGIS,2025/01/14 11:16:33.441+00,4d1e4121-9633-4ba6-a991-1c4850e597bf
5279987.8684898,4261584.85092723,102,"GREATER CINCINNATI MARINE SERVICE, INC.",Dock,840 Licking Pike.,Wilder,KY, ,Campbell,"Licking River, KY","Cincinnati-Northern KY, Ports of",4.3,"Petroleum Pitches, Coke, Asphalt, Naptha and Solvents | Other Chemicals and Related Products | Building Cement & Concrete; Lime; Glass | Primary Iron and Steel Products (Ingots,Bars,Rods,etc.) | All Manufactured Equipment, Machinery and Products",NKADD,NORTHERN KENTUCKY ADD,6,Covington,19,37,WII,2,{CCCE3586-F675-42C7-B6CC-AC943FB36BCE},,39.02,-84.4875,KYTCGIS,2025/01/14 11:16:33.441+00,KYTCGIS,2025/01/14 11:16:33.441+00,98b41849-2271-41af-884d-5af1366d5c83
4889168.01364814,3964581.75070889,103,"MARATHON PETROLEUM, KRAMERS LANE TERMINAL",Dock,4724 Camp Ground Road,Louisville,KY,40216,Jefferson,Ohio River,"Louisville, KY",614,"Petroleum and Petroleum Products | Gasoline, Jet Fuel, Kerosene | Distillate,Residual & Other Fuel Oils; Lube Oil & Greases | Chemicals and Related Products | Other Chemicals and Related Products",KIPDA,KIPDA ADD,5,Louisville,56,111,LUI,2,{271AD91A-FB35-467C-82A8-AF3924AAF822},,38.211111,-85.861667,KYTCGIS,2025/01/14 11:16:33.441+00,KYTCGIS,2025/01/14 11:16:33.441+00,5cb93c79-6ca8-48c7-a0ce-075d2d14fe0f
3941252.75593914,3534021.60133223,104,"WATERFRONT SERVICES CO., FLEET MOORINGS",Dock,101 Connell Smith Drive.,Wickliffe,KY,42087,Ballard,"Mississippi River, Mouth of Ohio River to Baton Rouge, LA", ,951.6,"Coal,Lignite & Coal Coke | Fertilizers | Sand, Gravel, Stone, Rock, Limestone, Soil, Dredged Material | Iron Ore and Iron & Steel Waste & Scrap | Non-Ferrous Ores and Scrap | Primary Iron and Steel Products (Ingots,Bars,Rods,etc.) | Wheat | Corn | Barley",PUADD,PURCHASE ADD,1,Paducah,4,7,WKY,2,{901ABB38-EC94-4509-B1C8-B0A2CC63C3AB},,36.980278,-89.105556,KYTCGIS,2025/01/14 11:16:33.441+00,KYTCGIS,2025/01/14 11:16:33.441+00,b077bfeb-7984-4ced-b43e-63b3d595db92
4417863.11767714,3767387.5679983,105,Century Aluminum,Dock,State Highway 2096,Sebree,KY, ,McLean,"Green and Barren Rivers, KY", ,40.5,"Coal,Lignite & Coal Coke | Petroleum and Petroleum Products | Petroleum Pitches, Coke, Asphalt, Naptha and Solvents | Non-Ferrous Ores and Scrap | Corn | Oilseeds (Soybean, Flaxseed and Others)",GRADD,GREEN RIVER ADD,2,Madisonville,75,149,YSB,2,{B70DB6D7-4343-42C8-978E-B0D3B3B21526},,37.654444,-87.483611,KYTCGIS,2025/01/14 11:16:33.441+00,KYTCGIS,2025/01/14 11:16:33.441+00,82cfe000-a344-4f03-a9ae-247d6986f11a
4874432.5969248,3907088.99266315,106,MC BRIDE FLEET,Fleeting Area, ,ELIZABETH,KY,47117,Jefferson,Ohio River, ,625, ,KIPDA,KIPDA ADD,5,Louisville,56,111,EZH,2,{C4FD649E-77A5-4F39-8FB6-B1E1CA0A9E2A},,38.067515,-85.913059,KYTCGIS,2025/01/14 11:16:33.441+00,KYTCGIS,2025/01/14 11:16:33.441+00,afe0dd9c-a2f7-4369-883f-a6cb85e8f27a
4877148.1407063,3934961.66296756,107,MARATHON OIL CO,Dock,8600 Cane Run Road,Louisville,KY,40258,Jefferson,Ohio River, ,620.5,"Gasoline, Jet Fuel, Kerosene | Distillate,Residual & Other Fuel Oils; Lube Oil & Greases | Petroleum Pitches, Coke, Asphalt, Naptha and Solvents | Other Chemicals and Related Products",KIPDA,KIPDA ADD,5,Louisville,56,111,LUI,2,{08D466A5-C604-4174-81FF-B21892BE7DCD},,38.129722,-85.903333,KYTCGIS,2025/01/14 11:16:33.441+00,KYTCGIS,2025/01/14 11:16:33.441+00,0067028f-6b2e-45d3-b9ca-ba07ea7d7567
3944138.61663722,3528452.81620997,108,"ECONOMY BOAT STORE, WICKLIFFE DOCK",Dock,169 River Circle Drive.,Wickliffe,KY,42087,Ballard,"Mississippi River, Mouth of Ohio River to Baton Rouge, LA", ,951.5,"Distillate,Residual & Other Fuel Oils; Lube Oil & Greases",PUADD,PURCHASE ADD,1,Paducah,4,7,WKY,2,{9A41FE34-0FF4-4E0F-8B52-B2AFAF06730F},,36.965278,-89.095,KYTCGIS,2025/01/14 11:16:33.441+00,KYTCGIS,2025/01/14 11:16:33.441+00,7150cd4d-0121-457b-94df-284475122001
5272767.54369164,4287231.53552614,109,COVINGTON LANDING,Dock,Foot of Madison Avenue.,Covington,KY,41011,Kenton,Ohio River,"Cincinnati-Northern KY, Ports of",470.7,"Units (Ferried Autos, Passengers, Railway Cars) | Wheat",NKADD,NORTHERN KENTUCKY ADD,6,Covington,59,117,CVK,2,{7F2BB280-243F-40CA-86C3-B5A4C2E1E92F},,39.090833,-84.519444,KYTCGIS,2025/01/14 11:16:33.441+00,KYTCGIS,2025/01/14 11:16:33.441+00,61416095-e5f4-4792-ae2a-2e1fc11dd012
5825952.88777806,4038937.5429419,110,MARATHON PETROLEUM LLC CRUDE OIL DOCK,Dock,U.S. Highway 23.,Catlettsburg,KY,41129,Boyd,"Big Sandy River, Tug and Levisa Forks, KY and WV",Huntington - Tristate,3.2,"Petroleum and Petroleum Products | Crude Petroleum | Gasoline, Jet Fuel, Kerosene | Distillate,Residual & Other Fuel Oils; Lube Oil & Greases | Petroleum Pitches, Coke, Asphalt, Naptha and Solvents | Petroleum Products NEC | Other Chemicals and Related P",FIVCO,FIVCO ADD,9,Flemingsburg,10,19,CGK,2,{BB7C944A-FD68-4DF8-A393-B6341CFC173F},,38.373333,-82.593611,KYTCGIS,2025/01/14 11:16:33.441+00,KYTCGIS,2025/01/14 11:16:33.441+00,ab7925f2-b4d8-4bda-8806-759a7088f671
4621604.47791013,3875804.76815823,111,BIG RIVERS ELECTRIC KENNETH COLEMAN STATION,Dock,River Road,Hawesville,KY, ,Hancock,Ohio River, ,728.5,"Coal,Lignite & Coal Coke | Forest Products, Lumber, Logs, Woodchips | Sand, Gravel, Stone, Rock, Limestone, Soil, Dredged Material",GRADD,GREEN RIVER ADD,2,Madisonville,46,91,HZZ,2,{0ED97FC2-3275-4B78-8C2C-B67D09AE5D90},,37.962778,-86.789444,KYTCGIS,2025/01/14 11:16:33.441+00,KYTCGIS,2025/01/14 11:16:33.441+00,e5364b53-05f6-4979-bcbc-0d23cf5b60a4
4223630.98940989,3540099.79357214,112,SOUTHERN STATES ASPHALT CO,Dock,930 Youngs Lane.,Kuttawa,KY,42055,Lyon,"Cumberland River, Mouth to Nashville, TN", ,38.3,"Gasoline, Jet Fuel, Kerosene | Petroleum Pitches, Coke, Asphalt, Naptha and Solvents | Petroleum Products NEC | Other Chemicals and Related Products",PEADD,PENNYRILE ADD,1,Paducah,72,143,EDV,2,{2053301D-54F4-4230-BA52-BA5ED95C1CEB},,37.020833,-88.139722,KYTCGIS,2025/01/14 11:16:33.441+00,KYTCGIS,2025/01/14 11:16:33.441+00,0c7bb16a-1488-47d9-83e7-059bf87a24f0
5305408.17033939,4269735.3723558,113,"MID-STATES TERMINALS, INC",Dock,Morscher Road,Silver Grove,KY, ,Campbell,Ohio River,"Cincinnati-Northern KY, Ports of",458,"Sand, Gravel, Stone, Rock, Limestone, Soil, Dredged Material | Food and Farm Products | Wheat | Corn | Oilseeds (Soybean, Flaxseed and Others) | Animal Feed, Grain Mill Products, Flour, Processed Grains",NKADD,NORTHERN KENTUCKY ADD,6,Covington,19,37,VKY,2,{DE09EAEA-69B7-41AB-A72B-BAF5046C1442},,39.04,-84.379722,KYTCGIS,2025/01/14 11:16:33.441+00,KYTCGIS,2025/01/14 11:16:33.441+00,37a0c4cf-965c-4f53-be1e-0d346fc05982
3906604.35410747,3385594.80041739,114,"Hickman-Fulton County Riverport Authority, Upper Dock.",Dock, ,Hickman,KY,42050,Fulton,"Mississippi River, Mouth of Ohio River to Baton Rouge, LA","Elvis Stahr Harbor, KY",922.3,"Coal,Lignite & Coal Coke | Sand, Gravel, Stone, Rock, Limestone, Soil, Dredged Material | Primary Iron and Steel Products (Ingots,Bars,Rods,etc.) | Unknown or Not Elsewhere Classified",PUADD,PURCHASE ADD,1,Paducah,38,75,HM3,2,{4D48035A-A8DB-4852-A110-C17C4E982F14},,36.569444,-89.205278,KYTCGIS,2025/01/14 11:16:33.441+00,KYTCGIS,2025/01/14 11:16:33.441+00,f4b41e04-c90d-4c12-83cb-0f739d92527f
5820366.99278189,4069947.80506822,115,"MERDIE BOGGS & SONS, LEON 29 FLEET MOORING",Fleeting Area, ,CATTLESBURG,KY,41129,Boyd,Ohio River,Huntington - Tristate,0, ,FIVCO,FIVCO ADD,9,Flemingsburg,10,0,CGK,2,{9AB0323D-4AAF-4F0B-9FE6-C340DB52DCB2},,38.453889,-82.608056,KYTCGIS,2025/01/14 11:16:33.441+00,KYTCGIS,2025/01/14 11:16:33.441+00,7421da30-c4ed-46d4-aa30-b1e95dc0cca4
5219530.10817197,4293212.53373472,116,MOREHEAD MARINE SERVICE TAYLORSPORT KY,Dock,6778 River Road,Taylorsport,KY, ,Boone,Ohio River,"Cincinnati-Northern KY, Ports of",482.5,"Sand, Gravel, Stone, Rock, Limestone, Soil, Dredged Material",NKADD,NORTHERN KENTUCKY ADD,6,Covington,8,15,HBN,2,{7DDD7446-439B-4F0B-82DF-C37DC0013201},,39.107778,-84.698889,KYTCGIS,2025/01/14 11:16:33.441+00,KYTCGIS,2025/01/14 11:16:33.441+00,bbef1e7e-748a-4623-93d6-a591acb91875
3936036.54229023,3454659.82337631,117,"Ingram Barge Co., Columbus Dock.",Dock,78 Riverside Drive.,Columbus,KY, ,Hickman,"Mississippi River, Mouth of Ohio River to Baton Rouge, LA", ,936.9, ,PUADD,PURCHASE ADD,1,Paducah,53,105,HM3,2,{CAB3DC9B-D114-46C6-8CDD-C3BAA820874A},,36.761944,-89.113611,KYTCGIS,2025/01/14 11:16:33.441+00,KYTCGIS,2025/01/14 11:16:33.441+00,b8b6fe90-ee30-4c37-a894-bfde003b94ee
5499095.17043181,4128257.83050831,118,TRANSCONTINENTAL TERMINALS INC,Dock,State Highway 10,Maysville,KY,41056,Simpson,Ohio River,"Cincinnati-Northern KY, Ports of",405.9,"Coal,Lignite & Coal Coke | Sand, Gravel, Stone, Rock, Limestone, Soil, Dredged Material",BTADD,BUFFALO TRACE ADD,9,Flemingsburg,81,161,MVU,2,{69029C24-99F7-492C-8728-C432C96D9AB9},,38.638333,-83.718333,KYTCGIS,2025/01/14 11:16:33.441+00,KYTCGIS,2025/01/14 11:16:33.441+00,90f3b8e9-af00-488d-8fbc-a2e39ed3dffa
4742782.90090714,3933817.94018939,119,"Riverside Stone Co., Lower Dock.",Dock,4800 Cedar Flat Road,Wolf Creek,KY, ,Meade,Ohio River, ,674.2,"Sand, Gravel, Stone, Rock, Limestone, Soil, Dredged Material",LTADD,LINCOLN TRAIL ADD,4,Elizabethtown,82,163,BNR,2,{D158AF5F-974F-4E64-80D8-C638B09D8239},,38.125278,-86.367222,KYTCGIS,2025/01/14 11:16:33.441+00,KYTCGIS,2025/01/14 11:16:33.441+00,eb99d93c-9b74-49e2-b15b-e805868c334b
4401021.22419564,3859450.54791398,120,Indiana Fleet GRBS,Fleeting Area, , ,KY, ,Henderson,Ohio River,"Henderson County Riverport, KY",787.2, ,GRADD,GREEN RIVER ADD,2,Madisonville,51,101, ,2,{75934F61-DACE-4B99-8A56-C654C84946E4},,37.908642,-87.553378,KYTCGIS,2025/01/14 11:16:33.441+00,KYTCGIS,2025/01/14 11:16:33.441+00,dab94589-c56a-4ee4-8fb2-703c2c80a61e
4403115.23444331,3856843.36283964,121,Active Fleet GRBS,Fleeting Area, , ,KY, ,Henderson,Ohio River,"Henderson County Riverport, KY",786, ,GRADD,GREEN RIVER ADD,2,Madisonville,51,101, ,2,{F8EA98A7-07DA-4953-810B-C6C592DBED4D},,37.901594,-87.545947,KYTCGIS,2025/01/14 11:16:33.441+00,KYTCGIS,2025/01/14 11:16:33.441+00,f64c0b9f-39a7-4d1c-b3ec-7683b4d921db
4653616.65437122,3856321.82451265,122,Domtar-Hawesville Mill,Dock, ,Hawesville,KY,42348,Hancock,Ohio River, ,719.1,"Forest Products, Lumber, Logs, Woodchips",GRADD,GREEN RIVER ADD,2,Madisonville,46,91, ,2,{F29FB402-C1B3-4E22-9CA3-C8F07D21FF2F},,37.910201,-86.677733,KYTCGIS,2025/01/14 11:16:33.441+00,KYTCGIS,2025/01/14 11:16:33.441+00,153594ef-a37f-43f3-9cf0-a81036342b71
5351780.54675455,4198382.43402523,123,"CARMEUSE LIME & STONE, BLACK RIVER OPERATION",Dock,9043 Highway 1054,Butler,KY,41006,Pendleton,Ohio River,"Cincinnati-Northern KY, Ports of",441,"Coal,Lignite & Coal Coke | Sand, Gravel, Stone, Rock, Limestone, Soil, Dredged Material | Building Cement & Concrete; Lime; Glass",NKADD,NORTHERN KENTUCKY ADD,6,Covington,96,191, ,2,{3DA6A771-E520-48A2-AADA-C922E37ABAEE},,38.839097,-84.240307,KYTCGIS,2025/01/14 11:16:33.441+00,KYTCGIS,2025/01/14 11:16:33.441+00,75cc0f4c-2ace-4d5f-b753-371c33ccdaaa
4095347.73547822,3561053.60402665,124,PADUCAH-MCCRACKEN COUNTY RIVERPORT AUTHORITY WHARF,Dock,2000 Wayne Sullivan Drive.,Paducah,KY,42003,McCracken,"Tennessee River, TN, AL and KY","Paducah-McCracken County Riverport, KY",1.8,"Coal,Lignite & Coal Coke | Petroleum Pitches, Coke, Asphalt, Naptha and Solvents | Fertilizers | Other Chemicals and Related Products | Forest Products, Lumber, Logs, Woodchips | Sand, Gravel, Stone, Rock, Limestone, Soil, Dredged Material | Non-Ferrous",PUADD,PURCHASE ADD,1,Paducah,73,145,PAH,2,{60443CAA-6FB4-4466-AF98-C92733E074EA},,37.068056,-88.579167,KYTCGIS,2025/01/14 11:16:33.441+00,KYTCGIS,2025/01/14 11:16:33.441+00,56039910-e447-4c43-ba36-adf82ec3e20e
5225924.86572364,4288230.57355431,125,ASHLAND PETROLEUM CO  TAYLORSPORT,Dock,River Road,Taylorsport,KY, ,Boone,Ohio River,"Cincinnati-Northern KY, Ports of",480.9, ,NKADD,NORTHERN KENTUCKY ADD,6,Covington,8,15,HBN,2,{DA8BB8B0-80DC-4FF8-976F-CC8A9BC18C28},,39.095,-84.676667,KYTCGIS,2025/01/14 11:16:33.441+00,KYTCGIS,2025/01/14 11:16:33.441+00,d1d4e5aa-4dfa-49d1-b29a-5d88f2c732c7
4519383.39331073,3817667.25680882,126,Owensboro Riverport Liquid unloading dock,Dock,3110 Rinaldo Road,Owensboro,KY,42301,Daviess,Ohio River, ,759.3,Unknown or Not Elsewhere Classified,GRADD,GREEN RIVER ADD,2,Madisonville,30,59,OWB,2,{8DDEEDDC-FAC9-4C00-9A51-CDF33BDD7EEC},,37.802418,-87.141658,KYTCGIS,2025/01/14 11:16:33.441+00,KYTCGIS,2025/01/14 11:16:33.441+00,2508de1a-8880-474d-ad2b-4071dfcffa51
4367266.08370081,3827133.14437306,127,HENDERSON TERMINALING CO,Dock,2321 Old Geneva Road,Henderson,KY,42420,Henderson,Ohio River,"Henderson County Riverport, KY",808.4,"Coal,Lignite & Coal Coke | Gasoline, Jet Fuel, Kerosene | Distillate,Residual & Other Fuel Oils; Lube Oil & Greases | Petroleum Pitches, Coke, Asphalt, Naptha and Solvents | Other Chemicals and Related Products | Corn | Oilseeds (Soybean, Flaxseed and Ot",GRADD,GREEN RIVER ADD,2,Madisonville,51,101,XGD,2,{454AF22A-F120-4DD9-AAE5-CE74D6B9689F},,37.818056,-87.668056,KYTCGIS,2025/01/14 11:16:33.441+00,KYTCGIS,2025/01/14 11:16:33.441+00,9199a2b9-8638-4a63-8624-f69801d87655
4244026.15531239,3555332.19880281,128,PORT AUTHORITY OF LYON COUNTY,Dock, ,EDDYVILLE,KY,42038,Lyon,"Cumberland River, Mouth to Nashville, TN", ,43,"Coal,Lignite & Coal Coke | Fertilizers | Sand, Gravel, Stone, Rock, Limestone, Soil, Dredged Material | Food and Farm Products | Wheat | Corn | Oilseeds (Soybean, Flaxseed and Others) | Unknown or Not Elsewhere Classified",PEADD,PENNYRILE ADD,1,Paducah,72,143,EDV,2,{B4494C8B-3079-4AC2-B856-D09D8D4BFCB0},,37.06417,-88.07028,KYTCGIS,2025/01/14 11:16:33.441+00,KYTCGIS,2025/01/14 11:16:33.441+00,bf800b99-a9fe-48c6-8899-e9be9f512a6e
5310292.04705456,4269318.7334253,129,"SILVER GROVE FLEETING, INC.",Dock,Morscher Road,Silver Grove,KY, ,Campbell,Ohio River,"Cincinnati-Northern KY, Ports of",458.7,"Sand, Gravel, Stone, Rock, Limestone, Soil, Dredged Material",NKADD,NORTHERN KENTUCKY ADD,6,Covington,19,37,VKY,2,{05B494D8-1DEA-4B30-9047-D18D6AA71E71},,39.039722,-84.378333,KYTCGIS,2025/01/14 11:16:33.441+00,KYTCGIS,2025/01/14 11:16:33.441+00,4b11ed23-8665-48d1-8648-1cffba8b1239
4140024.64612421,3552358.1440554,130,FIRST MARINE TRANSPORTATION,Dock, ,CALVERT CITY,KY,42029,Marshall,"Tennessee River, TN, AL and KY", ,11,Iron Ore and Iron & Steel Waste & Scrap,PUADD,PURCHASE ADD,1,Paducah,79,157,CCT,2,{6A37E4F2-F76A-4143-9E70-D276140AE81B},,37.048014,-88.431831,KYTCGIS,2025/01/14 11:16:33.441+00,KYTCGIS,2025/01/14 11:16:33.441+00,1305a617-152c-4036-83a4-7fd5893915e2
4094965.73591414,3561542.66243173,131,"LONE STAR INDUSTRIES, PADUCAH WHARF",Dock,1816 Wayne Sullivan Drive.,Paducah,KY,42003,McCracken,"Tennessee River, TN, AL and KY","Paducah-McCracken County Riverport, KY",1.7,"Sand, Gravel, Stone, Rock, Limestone, Soil, Dredged Material | Building Cement & Concrete; Lime; Glass",PUADD,PURCHASE ADD,1,Paducah,73,145,PAH,2,{6481D3A5-43FD-4271-9A89-D2F93326806C},,37.068889,-88.580556,KYTCGIS,2025/01/14 11:16:33.441+00,KYTCGIS,2025/01/14 11:16:33.441+00,24436a36-fef5-42fc-ae41-c07ff33dfd5b
4518908.32470706,3815136.39310415,132,"Owensboro Riverport Authority, Dart Polymers Dock.",Dock,Harbor Road,Owensboro,KY,42301,Daviess,Ohio River,"Owensboro, KY",758.5,Other Chemicals and Related Products,GRADD,GREEN RIVER ADD,2,Madisonville,30,59,OWB,2,{2104B6C7-7BF0-422D-B6F2-DA2C1D0590C8},,37.7925,-87.1425,KYTCGIS,2025/01/14 11:16:33.441+00,KYTCGIS,2025/01/14 11:16:33.441+00,9c3906e4-d000-412d-a466-3aeff7b5264b
4366809.8011488,3827436.69002581,133,HENDERSON MATERIALS INC-MULZER MATERIAL,Dock,2351 Old Geneva Road,Henderson,KY, ,Henderson,Ohio River,"Henderson County Riverport, KY",808.8,"Sand, Gravel, Stone, Rock, Limestone, Soil, Dredged Material | Building Cement & Concrete; Lime; Glass",GRADD,GREEN RIVER ADD,2,Madisonville,51,101,XGD,2,{E1C9FE3D-CD3B-440D-B290-DBACB4100BAE},,37.82,-87.6725,KYTCGIS,2025/01/14 11:16:33.441+00,KYTCGIS,2025/01/14 11:16:33.441+00,ea5dab29-ee98-4524-919f-9f1488b5d167
4525615.68530805,3695678.38825423,134,SEXTET MINING CORP,Dock, ,ISLAND,KY,42350,McLean,"Green and Barren Rivers, KY", ,73,"Coal,Lignite & Coal Coke",GRADD,GREEN RIVER ADD,2,Madisonville,75,149,CUK,2,{EC485DDC-50DC-4278-A5F6-DCA2A434B41A},,37.46672,-87.11702,KYTCGIS,2025/01/14 11:16:33.441+00,KYTCGIS,2025/01/14 11:16:33.441+00,a0c07547-5d5f-4756-a174-a548c6bb0bd7
4114063.7790828,3555739.37646614,135,National Maintenance & Repair Fleet & Fuel Dock,Dock, ,Ledbetter,KY,62910,Kenton,Ohio River, ,929.9,"Gasoline, Jet Fuel, Kerosene | Distillate,Residual & Other Fuel Oils; Lube Oil & Greases | Oilseeds (Soybean, Flaxseed and Others)",NKADD,NORTHERN KENTUCKY ADD,6,Covington,59,117,PAH,2,{D00F6AFE-C7F3-4801-BC15-E019DBF7BD33},,37.055458,-88.516431,KYTCGIS,2025/01/14 11:16:33.441+00,KYTCGIS,2025/01/14 11:16:33.441+00,ec199c93-af9f-4618-abbd-1506ba2e6a0c
4151762.28209773,3554392.66295223,136,"CALVERT CITY TERMINAL, LLC",Dock, ,SMITHLAND,KY,42081,Marshall,"Tennessee River, TN, AL and KY", ,14,"Coal,Lignite & Coal Coke | Petroleum Pitches, Coke, Asphalt, Naptha and Solvents | Other Chemicals and Related Products | Iron Ore and Iron & Steel Waste & Scrap | Sulphur (Dry), Clay & Salt | Primary Iron and Steel Products (Ingots,Bars,Rods,etc.)",PUADD,PURCHASE ADD,1,Paducah,79,157,PAH,2,{23B76355-F3B7-4674-AA25-E0A2B257B6DA},,37.054758,-88.387169,KYTCGIS,2025/01/14 11:16:33.441+00,KYTCGIS,2025/01/14 11:16:33.441+00,287187e2-d856-4b58-ba18-f916bd48c0f6
5179891.73469298,4253372.63638055,137,BELLEVIEW SAND & GRAVEL INC,Dock,State Highway 20.,Belleview,KY, ,Boone,Ohio River,"Cincinnati-Northern KY, Ports of",502,"Coal,Lignite & Coal Coke | Sand, Gravel, Stone, Rock, Limestone, Soil, Dredged Material | Sulphur (Dry), Clay & Salt | Other Non-Metal. Min. | Building Cement & Concrete; Lime; Glass",NKADD,NORTHERN KENTUCKY ADD,6,Covington,8,15,RUG,2,{2F7D5723-AC90-496E-8C09-E52FD8DD9F27},,38.995556,-84.836667,KYTCGIS,2025/01/14 11:16:33.441+00,KYTCGIS,2025/01/14 11:16:33.441+00,327a1012-a269-4b34-955c-f40e16e14648
4103169.01937631,3557111.8924219,138,"Walker Boat Yard, Paducah Lower Landing.",Dock,Clarks River Road.,Paducah,KY,42003,McCracken,"Tennessee River, TN, AL and KY","Paducah-McCracken County Riverport, KY",3.4,"Gasoline, Jet Fuel, Kerosene | Distillate,Residual & Other Fuel Oils; Lube Oil & Greases",PUADD,PURCHASE ADD,1,Paducah,73,145,PAH,2,{B974DBAF-A699-4747-8DCC-E59B6F49D00B},,37.058333,-88.553889,KYTCGIS,2025/01/14 11:16:33.441+00,KYTCGIS,2025/01/14 11:16:33.441+00,93e94741-4785-47f8-9d17-2586e98875d3
4196357.65255247,3530390.14238781,139,KINDER MORGAN GRAND RIVER TERMINAL TERMINAL 3 (TITANIUM SLAG),Dock,247 Terminal Road.,GRAND RIVERS,KY,42045,Livingston,"Tennessee River, TN, AL and KY", ,24,"Coal,Lignite & Coal Coke | Sand, Gravel, Stone, Rock, Limestone, Soil, Dredged Material",PEADD,PENNYRILE ADD,1,Paducah,70,139,CCT,2,{E8EC0828-5339-4E31-AF79-E642ADFA52D7},,36.99222,-88.23222,KYTCGIS,2025/01/14 11:16:33.441+00,KYTCGIS,2025/01/14 11:16:33.441+00,bc6bfaa3-af75-4582-91fc-7ba79b38b795
4528288.22458239,3692604.74446714,140,BIG RIVERS ELECTRIC DB WILSON POWER STATION,Dock,State Highway 85,Island,KY, ,Ohio,"Green and Barren Rivers, KY", ,74.1,"Coal,Lignite & Coal Coke | Petroleum Pitches, Coke, Asphalt, Naptha and Solvents | Sand, Gravel, Stone, Rock, Limestone, Soil, Dredged Material | Building Cement & Concrete; Lime; Glass",GRADD,GREEN RIVER ADD,2,Madisonville,92,183,CUK,2,{B06F968B-7319-47D6-98CE-E72E71CAA181},,37.456389,-87.103889,KYTCGIS,2025/01/14 11:16:33.441+00,KYTCGIS,2025/01/14 11:16:33.441+00,487b94a6-b3d2-4609-a97b-19bf9cf9c16b
4198347.70762748,3600788.61117065,141,SLATS LUCAS/WARREN PAVING QUARRY,Dock,712 Lee Lane,Salem,KY,42078,Livingston,"Cumberland River, Mouth to Nashville, TN", ,16.7,"Sand, Gravel, Stone, Rock, Limestone, Soil, Dredged Material",PEADD,PENNYRILE ADD,1,Paducah,70,139, ,2,{EA2E7118-96D8-4D66-BA78-E8C1CCAFAE04},,37.184695,-88.225974,KYTCGIS,2025/01/14 11:16:33.441+00,KYTCGIS,2025/01/14 11:16:33.441+00,46d18c8a-bea5-4fbc-9e04-3eb42504ac11
5129564.98167214,4164362.46564798,142,GALLATIN TRANSIT,Dock,U.S. Highway 42.,Ghent,KY, ,Gallatin,Ohio River,"Cincinnati-Northern KY, Ports of",535.3,"Coal,Lignite & Coal Coke | Sand, Gravel, Stone, Rock, Limestone, Soil, Dredged Material | Iron Ore and Iron & Steel Waste & Scrap | Non-Ferrous Ores and Scrap | Slag | Primary Iron and Steel Products (Ingots,Bars,Rods,etc.) | Primary Non-Ferrous Metal Pr",NKADD,NORTHERN KENTUCKY ADD,6,Covington,39,77,GHE,2,{737DFE11-4ABB-4C5D-9B58-EBCADA7D1485},,38.758056,-85.019722,KYTCGIS,2025/01/14 11:16:33.441+00,KYTCGIS,2025/01/14 11:16:33.441+00,a9d3b3e1-dd0b-47ed-827d-a1901497809e
3906441.45187423,3385600.83518222,143,"Hickman-Fulton County Riverport Authority, Lower Dock.",Dock, ,Hickman,KY,42050,Fulton,"Mississippi River, Mouth of Ohio River to Baton Rouge, LA","Elvis Stahr Harbor, KY",922.3,Food and Farm Products,PUADD,PURCHASE ADD,1,Paducah,38,75,HM3,2,{C54C58C3-E98D-4DC4-BF6A-F024CD56D9D4},,36.569444,-89.205833,KYTCGIS,2025/01/14 11:16:33.441+00,KYTCGIS,2025/01/14 11:16:33.441+00,0263a5b6-3be5-4b52-a2a4-cd9840741ad9
4543783.3468073,3820238.91734789,144,"Yager Materials, Coal Terminal Dock.",Dock,5001 U.S. Highway 60 East,Owensboro,KY,42303,Daviess,Ohio River, ,752.6,"Coal,Lignite & Coal Coke",GRADD,GREEN RIVER ADD,2,Madisonville,30,59,OWB,2,{ED933931-E018-4AFC-82B8-F0A643DCC444},,37.8075,-87.056667,KYTCGIS,2025/01/14 11:16:33.441+00,KYTCGIS,2025/01/14 11:16:33.441+00,95303a2a-1537-408c-b0c4-79cdc9a43ad7
3943673.39283013,3522499.39832681,145,"MEAD WESTVACO CORP., WICKLIFFE DOCK",Dock,1724 Westvaco Road.,Wickliffe,KY,42087,Ballard,"Mississippi River, Mouth of Ohio River to Baton Rouge, LA", ,950.4,"Forest Products, Lumber, Logs, Woodchips | Iron Ore and Iron & Steel Waste & Scrap",PUADD,PURCHASE ADD,1,Paducah,4,7,WKY,2,{1A4A56AC-FD08-40DE-80E4-F1710A97196A},,36.95,-89.094722,KYTCGIS,2025/01/14 11:16:33.441+00,KYTCGIS,2025/01/14 11:16:33.441+00,61657a52-76aa-41cc-95ad-be74142aba24
4447565.85059439,3793520.11678298,146,PATRIOT COAL COMPANY LTD,Dock, ,OWENSBORO,KY,42301,Daviess,"Green and Barren Rivers, KY", ,31,"Coal,Lignite & Coal Coke",GRADD,GREEN RIVER ADD,2,Madisonville,30,59,OWB,2,{E0768E32-C576-4538-9342-F3BA05D0A7B9},,37.73432,-87.379,KYTCGIS,2025/01/14 11:16:33.441+00,KYTCGIS,2025/01/14 11:16:33.441+00,c30fb890-d977-4ecb-ad4d-418861ecee8d
4874146.74316581,3904451.87884289,147,"Louisville Gas and Electric Co., Mill Creek Station, Coal Unloading Dock.",Dock,14460 Dixie Highway,Louisville,KY, ,Jefferson,Ohio River, ,627.1,"Coal,Lignite & Coal Coke",KIPDA,KIPDA ADD,5,Louisville,56,111,LUI,2,{543E756A-BFED-4BC6-965B-F45616F46F3E},,38.045278,-85.913056,KYTCGIS,2025/01/14 11:16:33.441+00,KYTCGIS,2025/01/14 11:16:33.441+00,4d53d5d1-643c-4810-8c76-cc4e00536bbb
3908026.10946606,3386065.42283572,148,HICKMAN-FULTON COUNTY RIVERPORT AUTHORITY DOCKS,Dock, ,HICKMAN,KY,42050,Fulton,"Mississippi River, Mouth of Ohio River to Baton Rouge, LA","Elvis Stahr Harbor, KY",922,"Coal,Lignite & Coal Coke | Petroleum Pitches, Coke, Asphalt, Naptha and Solvents | Fertilizers | Other Chemicals and Related Products | Sand, Gravel, Stone, Rock, Limestone, Soil, Dredged Material | Iron Ore and Iron & Steel Waste & Scrap | Non-Ferrous O",PUADD,PURCHASE ADD,1,Paducah,38,75,HM3,2,{59B29574-84EE-43DE-94EF-F4A86C904E25},,36.57088,-89.2005,KYTCGIS,2025/01/14 11:16:33.441+00,KYTCGIS,2025/01/14 11:16:33.441+00,68acdee1-8e79-4b56-ac4c-6a9072aa8e1f
5767638.0172033,4104029.40061881,149,E I DUPONT DE NEMOURS & CO  WURTLAND,Dock,Harris Road,Wurtland,KY, ,Greenup,Ohio River,Huntington - Tristate,333.1,"Chemicals and Related Products | Sulphur (Dry), Clay & Salt",FIVCO,FIVCO ADD,9,Flemingsburg,45,89,WUR,2,{356610A9-A546-42C0-9376-F5E130656DAC},,38.557222,-82.789722,KYTCGIS,2025/01/14 11:16:33.441+00,KYTCGIS,2025/01/14 11:16:33.441+00,7014078e-06f4-4800-a732-868004b7a858
5504985.79021221,4125347.4606729,150,MAYSVILLE-ABERDEEN READY MIX,Dock, ,MAYSVILLE,KY,41056,Mason,Ohio River,"Cincinnati-Northern KY, Ports of",404, ,BTADD,BUFFALO TRACE ADD,9,Flemingsburg,81,161,MVU,2,{403C5C09-BC8E-412F-B92A-FB8681733D6A},,38.63194,-83.70597,KYTCGIS,2025/01/14 11:16:33.441+00,KYTCGIS,2025/01/14 11:16:33.441+00,3232dba2-9a9c-4f8e-bae5-5eb08dcd8dc4
4285905.48854831,3810895.09679672,151,RIVER VIEW COAL,Dock,State Highway 360,Uniontown,KY, ,Union,Ohio River, ,843.9,"Coal,Lignite & Coal Coke | Sand, Gravel, Stone, Rock, Limestone, Soil, Dredged Material | Corn",GRADD,GREEN RIVER ADD,2,Madisonville,113,225,UT2,2,{69EE1027-8988-4969-BBCD-FC61DE1FCE8E},,37.768543,-87.948328,KYTCGIS,2025/01/14 11:16:33.441+00,KYTCGIS,2025/01/14 11:16:33.441+00,46a08608-6441-4e6d-aa06-ce5effee5e35
4163297.71670397,3555675.00356339,152,"CC METALS & ALLOYS, INC.  CALVERT CITY",Dock,524 North Main Street.,Calvert City,KY,42029,Marshall,"Tennessee River, TN, AL and KY", ,16.7,"Coal,Lignite & Coal Coke | Petroleum Pitches, Coke, Asphalt, Naptha and Solvents | Chemicals and Related Products | Sand, Gravel, Stone, Rock, Limestone, Soil, Dredged Material | Iron Ore and Iron & Steel Waste & Scrap | Slag | Primary Iron and Steel Pro",PUADD,PURCHASE ADD,1,Paducah,79,157,CCT,2,{3DD93B8F-BFCD-40D4-9F09-FC96620DAAB3},,37.059167,-88.347778,KYTCGIS,2025/01/14 11:16:33.441+00,KYTCGIS,2025/01/14 11:16:33.441+00,896499a3-c291-4403-b2c1-2822491c40d9
4929863.80561598,3986311.62227531,153,NUGENT SAND CO.,Dock,1833 Upper River Road,Louisville,KY,40206,Jefferson,Ohio River,"Louisville, KY",601.7,"Sand, Gravel, Stone, Rock, Limestone, Soil, Dredged Material | Sulphur (Dry), Clay & Salt",KIPDA,KIPDA ADD,5,Louisville,56,111,LUI,2,{52483817-55C1-42EE-A1FC-FCBE5FF4B682},,38.270833,-85.72,KYTCGIS,2025/01/14 11:16:33.441+00,KYTCGIS,2025/01/14 11:16:33.441+00,dea76613-2b29-4264-96df-ac0cf144602f
4290628.73894431,3817182.71348657,154,PEABODY COAL CO,Dock,State Highway 360,Uniontown,KY,42461,Union,Ohio River, ,841.6,"Coal,Lignite & Coal Coke",GRADD,GREEN RIVER ADD,2,Madisonville,113,225,UT2,2,{DA75B091-A721-4C4D-844C-FCC133D31CA8},,37.786111,-87.9325,KYTCGIS,2025/01/14 11:16:33.441+00,KYTCGIS,2025/01/14 11:16:33.441+00,818ecb26-1a35-4161-b103-79d5738cf86e
